block,sender,msg_type,pool_id,denom_1,original_amount_1,adjusted_amount_1,denom_2,original_amount_2,adjusted_amount_2,relative_extra_percent
4707388,osmo1wnc5emxmftn2kzrjpftu8eyraffc5cwftgp65n,/osmosis.gamm.v1beta1.MsgExitPool,678,ibc/D189335C6E4A68B513C10AB227BF1C1D38C746766278BA3EEB4FB14124F1D858,503676,1,uosmo,451045,1,4.867991094613502e-12
4707470,osmo17d6eypvgf9p8cqfvfdpm5wldjlglvhz89ext68,/osmosis.gamm.v1beta1.MsgExitPool,1,ibc/27394FB092D2ECCD56123C74F36E4C1F926001CEADA9CA97EA622B25F41E5EB2,2603382,2,uosmo,20270237,9,4.2486818998286084e-07
4707505,osmo1w69hvwaqn23kmyx4vw7lgwgwu0ssyh7wu2hu5y,/osmosis.gamm.v1beta1.MsgExitPool,704,ibc/EA1D43981D5C9A1C4AAEA9C23BB1D4FA126BA9BC7020A25E0AE4AA841EA25DC5,52802284284706528,2714749355743,uosmo,84183912,4329,5.1413483195245064e-05
4707518,osmo1w69hvwaqn23kmyx4vw7lgwgwu0ssyh7wu2hu5y,/osmosis.gamm.v1beta1.MsgExitPool,678,ibc/D189335C6E4A68B513C10AB227BF1C1D38C746766278BA3EEB4FB14124F1D858,154830882,1049,uosmo,138721118,940,6.769098821845404e-06
4707532,osmo1ptektdahwjdlh5s58u0p2yxn22jjfqcjc4e4yr,/osmosis.gamm.v1beta1.MsgExitPool,712,ibc/D1542AA8762DB13087D8364F3EA6509FD6F009A34F00426AF9E4F9FA85CBBF1F,275049,202,uosmo,73822124,54066,0.0007323687158720233
4707558,osmo1sx2qexffa63d6hda8zt6zfx7gm0hvdkfwq83fe,/osmosis.gamm.v1beta1.MsgExitPool,690,ibc/CBA34207E969623D95D057D9B11B0C8B32B89A71F170577D982FDDE623813FFC,84094718,119,uosmo,6348595,9,1.4074840198583288e-06
4707583,osmo1usckzz6h4fkcknv4nkr2apqs4c4fwzc58gjek8,/osmosis.gamm.v1beta1.MsgExitPool,704,ibc/EA1D43981D5C9A1C4AAEA9C23BB1D4FA126BA9BC7020A25E0AE4AA841EA25DC5,1438162872534006355,74572368798836,uosmo,2292831154,118890,5.185251978271471e-05
4707646,osmo1wu2rp75wqnh82wu3peh9ftqv36e030vj8lfq9d,/osmosis.gamm.v1beta1.MsgExitPool,9,ibc/E6931F78057F7CC5DA0FD6CEF82FF39373A6E0452BF1FD76910B93292CF356C1,948356636,27492,uosmo,1477446,43,2.898806561913558e-05
4707671,osmo18vln3u6et46gekr8wr2j9lexnhu52xce3qa05k,/osmosis.gamm.v1beta1.MsgExitPool,1,ibc/27394FB092D2ECCD56123C74F36E4C1F926001CEADA9CA97EA622B25F41E5EB2,6614254,4,uosmo,51637998,24,4.5661352366907273e-07
4707676,osmo1vvc7xddzjquz8cpmj8gfdudx9z5eqnn5pnq6s6,/osmosis.gamm.v1beta1.MsgExitPool,497,ibc/46B44899322F3CD854D2D46DEEF881958467CDD4B3B10086DA49296BBED94BED,7926179,6,uosmo,25041192,19,7.446510631629576e-07
4707707,osmo1n96h5da774swdtq3mxs60psfvc9vsuna7zxq7h,/osmosis.gamm.v1beta1.MsgExitPool,690,ibc/CBA34207E969623D95D057D9B11B0C8B32B89A71F170577D982FDDE623813FFC,264246933,372,uosmo,19947801,29,1.4074840198583288e-06
4707762,osmo1cxzatzvlssxw26q3dpav6efe3rlg6r8zcjlwee,/osmosis.gamm.v1beta1.MsgExitPool,604,ibc/987C17B11ABC2B20019178ACE62929FE9840202CE79498E29FE8E5CB02B7C0A4,510188455,3803,uosmo,14316125,107,7.4532712015383075e-06
4707780,osmo16a8ll0ur70j4qx3av8jeg3gc45eazqppjczr7d,/osmosis.gamm.v1beta1.MsgExitPool,678,ibc/D189335C6E4A68B513C10AB227BF1C1D38C746766278BA3EEB4FB14124F1D858,337693706,3912,uosmo,300993031,3487,1.1582486881222202e-05
4707781,osmo16euxkvyt8fqcjtfnpe7rqw8730v5p2t64nsp0t,/osmosis.gamm.v1beta1.MsgExitPool,498,ibc/27394FB092D2ECCD56123C74F36E4C1F926001CEADA9CA97EA622B25F41E5EB2,5380034,4,ibc/46B44899322F3CD854D2D46DEEF881958467CDD4B3B10086DA49296BBED94BED,13340497,10,7.360783039751973e-07
4707796,osmo1t2e08me8mw502cgsxfrgk8hp48saqheaw3g9jq,/osmosis.gamm.v1beta1.MsgExitPool,678,ibc/D189335C6E4A68B513C10AB227BF1C1D38C746766278BA3EEB4FB14124F1D858,128645638,1497,uosmo,114682393,1335,1.163565478403289e-05
4707797,osmo1nygfrjwr5a0vzgdpsnsexkjprcd49vs8md86ck,/osmosis.gamm.v1beta1.MsgExitPool,678,ibc/D189335C6E4A68B513C10AB227BF1C1D38C746766278BA3EEB4FB14124F1D858,81954906,954,uosmo,73059490,851,1.163565478403289e-05
4707802,osmo1z4v55tku262akr660zv0s7e6f4hghya5c2rcla,/osmosis.gamm.v1beta1.MsgExitPool,1,ibc/27394FB092D2ECCD56123C74F36E4C1F926001CEADA9CA97EA622B25F41E5EB2,534863088,1060,uosmo,4175079643,8272,1.9812584716831526e-06
4707855,osmo135xvlsvganznl8hsjnh4vxflqdzyc4zhx6hhg8,/osmosis.gamm.v1beta1.MsgExitPool,678,ibc/D189335C6E4A68B513C10AB227BF1C1D38C746766278BA3EEB4FB14124F1D858,345225817,4470,uosmo,307951708,3987,1.2945240224207738e-05
4707868,osmo1npuc2enzqhakc45wkref9qa82ha5t5083ewcfv,/osmosis.gamm.v1beta1.MsgExitPool,674,ibc/0CD3A0285E1341859B5E86B6AB7682F023D03E97607CCC1DC95706411D866DF7,7046821827117718069,41549759376772,uosmo,6292821,38,5.8962409432403485e-06
4707872,osmo1npuc2enzqhakc45wkref9qa82ha5t5083ewcfv,/osmosis.gamm.v1beta1.MsgExitPool,678,ibc/D189335C6E4A68B513C10AB227BF1C1D38C746766278BA3EEB4FB14124F1D858,331860950,7673,uosmo,296039446,6845,2.311886906495455e-05
4707885,osmo1cc56ryg7v58hvw0etrhhl9ufmksg5jl9t60mjc,/osmosis.gamm.v1beta1.MsgExitPool,1,ibc/27394FB092D2ECCD56123C74F36E4C1F926001CEADA9CA97EA622B25F41E5EB2,1919430,7,uosmo,14986328,54,3.5551052044128014e-06
4707890,osmo1s94x2ppjlchahtrsl24eas2emq0u7zcc8wr7lr,/osmosis.gamm.v1beta1.MsgExitPool,1,ibc/27394FB092D2ECCD56123C74F36E4C1F926001CEADA9CA97EA622B25F41E5EB2,906181,4,uosmo,7074126,26,3.5551052044128014e-06
4707899,osmo1cc56ryg7v58hvw0etrhhl9ufmksg5jl9t60mjc,/osmosis.gamm.v1beta1.MsgExitPool,497,ibc/46B44899322F3CD854D2D46DEEF881958467CDD4B3B10086DA49296BBED94BED,4657687,21,uosmo,14741095,64,4.336333633870063e-06
4707902,osmo12u8tq4za4vpk9htygj99ykk5pjrwp8g7a9g30p,/osmosis.gamm.v1beta1.MsgExitPool,498,ibc/27394FB092D2ECCD56123C74F36E4C1F926001CEADA9CA97EA622B25F41E5EB2,170823218,126,ibc/46B44899322F3CD854D2D46DEEF881958467CDD4B3B10086DA49296BBED94BED,422248268,311,7.360783039751973e-07
4707925,osmo1v8ujerydzj6z0ga7zqf53eh9849l6pq8uu72vr,/osmosis.gamm.v1beta1.MsgExitPool,497,ibc/46B44899322F3CD854D2D46DEEF881958467CDD4B3B10086DA49296BBED94BED,1514911,7,uosmo,4794506,21,4.336333633870063e-06
4707937,osmo1lk870e3usuz7pcwl02szqqd0rzjyf285m6n054,/osmosis.gamm.v1beta1.MsgExitPool,15,ibc/A0CC0CF735BFB30E730C70019D4218A1244FF383503FF7579C9201AB93CA9293,15237735,404,uosmo,18214205,483,2.6497463623728046e-05
4707947,osmo1lk870e3usuz7pcwl02szqqd0rzjyf285m6n054,/osmosis.gamm.v1beta1.MsgExitPool,498,ibc/27394FB092D2ECCD56123C74F36E4C1F926001CEADA9CA97EA622B25F41E5EB2,57400708,43,ibc/46B44899322F3CD854D2D46DEEF881958467CDD4B3B10086DA49296BBED94BED,142141258,105,7.360783039751973e-07
4707950,osmo1lk870e3usuz7pcwl02szqqd0rzjyf285m6n054,/osmosis.gamm.v1beta1.MsgExitPool,497,ibc/46B44899322F3CD854D2D46DEEF881958467CDD4B3B10086DA49296BBED94BED,268738147,1166,uosmo,850535619,3689,4.336333633870063e-06
4707953,osmo15cza2urz6zpr6tg7zkvt82rv2q0v0cw435jgcx,/osmosis.gamm.v1beta1.MsgExitPool,678,ibc/D189335C6E4A68B513C10AB227BF1C1D38C746766278BA3EEB4FB14124F1D858,1116639092,41614,uosmo,995171835,37087,3.7266378558521477e-05
4708003,osmo1qt96seyh5f2lyywrpnwpvjz7c8gplzmtqvj2ht,/osmosis.gamm.v1beta1.MsgExitPool,678,ibc/D189335C6E4A68B513C10AB227BF1C1D38C746766278BA3EEB4FB14124F1D858,104481769,3898,uosmo,93087093,3473,3.730668944500072e-05
4708007,osmo1lk870e3usuz7pcwl02szqqd0rzjyf285m6n054,/osmosis.gamm.v1beta1.MsgExitPool,604,ibc/987C17B11ABC2B20019178ACE62929FE9840202CE79498E29FE8E5CB02B7C0A4,3078196651,56775,uosmo,86415711,1594,1.8444208419172598e-05
4708008,osmo1d00m4h4q8pfvd9rdp5w34ndwt8flfgzzlemx0m,/osmosis.gamm.v1beta1.MsgExitPool,1,ibc/27394FB092D2ECCD56123C74F36E4C1F926001CEADA9CA97EA622B25F41E5EB2,134172492,508,uosmo,1048233536,3967,3.7843365440455093e-06
4708012,osmo1lk870e3usuz7pcwl02szqqd0rzjyf285m6n054,/osmosis.gamm.v1beta1.MsgExitPool,604,ibc/987C17B11ABC2B20019178ACE62929FE9840202CE79498E29FE8E5CB02B7C0A4,3078130522,56774,uosmo,86417573,1594,1.8444208419172598e-05
4708017,osmo18v85clkgwzvuugp03xf4e4etl5qqqtc7mxzv56,/osmosis.gamm.v1beta1.MsgExitPool,1,ibc/27394FB092D2ECCD56123C74F36E4C1F926001CEADA9CA97EA622B25F41E5EB2,12075444,46,uosmo,94334257,357,3.7843365440455093e-06
4708033,osmo1swhkyme264u7r5k7vuy78femtes55dkpqw5z73,/osmosis.gamm.v1beta1.MsgExitPool,722,ibc/6AE98883D4D5D5FF9E50D7130F1305DA2FFA0C652D1DD9C123657C6B4EB2DF8A,27369931253534035886,20907275322997200,uosmo,52511929,40113,0.0007638775241825874
4708040,osmo1nvn4sfc3r2d69c7v0j9v7ak87xepz9q59a6ug0,/osmosis.gamm.v1beta1.MsgExitPool,690,ibc/CBA34207E969623D95D057D9B11B0C8B32B89A71F170577D982FDDE623813FFC,2602531,97,uosmo,196273,8,3.6890410668255066e-05
4708041,osmo19umgavrn0fj2e4yts3t6s9rp3jzlsptlpwmyqz,/osmosis.gamm.v1beta1.MsgExitPool,1,ibc/27394FB092D2ECCD56123C74F36E4C1F926001CEADA9CA97EA622B25F41E5EB2,880598,4,uosmo,6883106,27,3.829615332758575e-06
4708042,osmo1u8hhzsg9zsn73w66gu4lx547fa9yf67z64jpnq,/osmosis.gamm.v1beta1.MsgExitPool,674,ibc/0CD3A0285E1341859B5E86B6AB7682F023D03E97607CCC1DC95706411D866DF7,3874170995598623721996,127083513041785088,uosmo,3449937747,113168,3.280276301334205e-05
4708044,osmo1ylx685geysj7776236nlkcjhkcq0xvrp26y4pa,/osmosis.gamm.v1beta1.MsgExitPool,578,ibc/B547DC9B897E7C3AA5B824696110B8E3D2C31E3ED3F02FF363DCBAD82457E07E,18954158,41427,ibc/BE1BB42D4BE3C30D50B68D7C41DB4DFCE9678E8EF8C539F6E6A9345048894FCC,178151440,389371,0.002185614905686598
4708053,osmo1xqm7e6mahm7z288cpq53cd68530a2hqkmunzjw,/osmosis.gamm.v1beta1.MsgExitPool,498,ibc/27394FB092D2ECCD56123C74F36E4C1F926001CEADA9CA97EA622B25F41E5EB2,29881954,22,ibc/46B44899322F3CD854D2D46DEEF881958467CDD4B3B10086DA49296BBED94BED,73908320,55,7.360783039751973e-07
4708074,osmo1jg9wr5u9cm04g0sswegskg3tawgylem6sndy5y,/osmosis.gamm.v1beta1.MsgExitPool,678,ibc/D189335C6E4A68B513C10AB227BF1C1D38C746766278BA3EEB4FB14124F1D858,2138952,83,uosmo,1903314,74,3.8384513771774416e-05
4708076,osmo18v85clkgwzvuugp03xf4e4etl5qqqtc7mxzv56,/osmosis.gamm.v1beta1.MsgExitPool,577,ibc/B547DC9B897E7C3AA5B824696110B8E3D2C31E3ED3F02FF363DCBAD82457E07E,183552525,1038,uosmo,13706606,78,5.6522902033832335e-06
4708086,osmo1yee93psptznflm9x3sw6ccntn3537z8eznxjpq,/osmosis.gamm.v1beta1.MsgExitPool,604,ibc/987C17B11ABC2B20019178ACE62929FE9840202CE79498E29FE8E5CB02B7C0A4,2187960405,41440,uosmo,61443258,1164,1.8939673390748168e-05
4708090,osmo1szv2gzvmk27sgpeajhtjdmexl38kxpkxxqsed5,/osmosis.gamm.v1beta1.MsgExitPool,669,ibc/6BDB4C8CCD45033F9604E4B93ED395008A753E01EECD6992E7D1EA23D9D3B788,34943619,548,uosmo,2302109,37,1.567326119606364e-05
4708094,osmo18v85clkgwzvuugp03xf4e4etl5qqqtc7mxzv56,/osmosis.gamm.v1beta1.MsgExitPool,601,ibc/EA3E1640F9B1532AB129A571203A0B9F789A7F14BB66E350DCBFA18E1A1931F0,73796074,2108,uosmo,21247022,607,2.8557774203016882e-05
4708112,osmo18v85clkgwzvuugp03xf4e4etl5qqqtc7mxzv56,/osmosis.gamm.v1beta1.MsgExitPool,611,ibc/27394FB092D2ECCD56123C74F36E4C1F926001CEADA9CA97EA622B25F41E5EB2,4201624,3,ibc/987C17B11ABC2B20019178ACE62929FE9840202CE79498E29FE8E5CB02B7C0A4,1163516169,627,5.382263129699649e-07
4708112,osmo1trc5cehaqgsw74x3d0xekf0k4e0xs80w95cvh0,/osmosis.gamm.v1beta1.MsgExitPool,678,ibc/D189335C6E4A68B513C10AB227BF1C1D38C746766278BA3EEB4FB14124F1D858,649443,33,uosmo,576032,29,5.018236882019662e-05
4708115,osmo14tfct2avejv3fyv9z0jvrze48ufa53pft2359u,/osmosis.gamm.v1beta1.MsgExitPool,648,ibc/8061A06D3BD4D52C4A28FFECF7150D370393AF0BA661C3776C54FF32836C3961,35098629315624888879,25346246281308508,uosmo,6523812,4712,0.0007221434789769723
4708116,osmo16mdmh3lfphnmqzn20c59x75nfhfktfz9wexzep,/osmosis.gamm.v1beta1.MsgExitPool,631,ibc/297C64CC42B5A8D8F82FE2EBE208A6FE8F94B86037FA28C4529A23701C228F7A,308302,252,uosmo,4131236,3370,0.0008156955199130988
4708120,osmo1njxc26m647qh6f7d7f07m9pxrrhrjg8qc3mfcw,/osmosis.gamm.v1beta1.MsgExitPool,3,ibc/1480B8FD20AD5FCAE81EA87584D269547DD4D436843C1D20F15E00EB64743EF4,11573153,3434,uosmo,3555220,1055,0.0002967102904176259
4708120,osmo18v85clkgwzvuugp03xf4e4etl5qqqtc7mxzv56,/osmosis.gamm.v1beta1.MsgExitPool,604,ibc/987C17B11ABC2B20019178ACE62929FE9840202CE79498E29FE8E5CB02B7C0A4,1311820391,25231,uosmo,36839730,709,1.9233268454325654e-05
4708123,osmo1w7wl545shmmlwwqhdwcju7er45nadq4cuu5l5w,/osmosis.gamm.v1beta1.MsgExitPool,573,ibc/4E5444C35610CC76FC94E7F7886B93121175C28262DDFDDE6F84E82BF2425452,1171136668,25553,uosmo,16932364,370,2.181812837670179e-05
4708127,osmo15gc74yxgklqx5vr0qe9r9tr2npg7dp62tg8jc7,/osmosis.gamm.v1beta1.MsgExitPool,498,ibc/27394FB092D2ECCD56123C74F36E4C1F926001CEADA9CA97EA622B25F41E5EB2,2191937,2,ibc/46B44899322F3CD854D2D46DEEF881958467CDD4B3B10086DA49296BBED94BED,5374252,4,7.360783039751973e-07
4708127,osmo1w7wl545shmmlwwqhdwcju7er45nadq4cuu5l5w,/osmosis.gamm.v1beta1.MsgExitPool,719,ibc/A0CC0CF735BFB30E730C70019D4218A1244FF383503FF7579C9201AB93CA9293,40379035,74018,ibc/D189335C6E4A68B513C10AB227BF1C1D38C746766278BA3EEB4FB14124F1D858,23259686,42637,0.0018330790361870348
4708137,osmo18v85clkgwzvuugp03xf4e4etl5qqqtc7mxzv56,/osmosis.gamm.v1beta1.MsgExitPool,704,ibc/EA1D43981D5C9A1C4AAEA9C23BB1D4FA126BA9BC7020A25E0AE4AA841EA25DC5,2409976322054759,2270067783739,uosmo,3817476,3596,0.0009419460942269173
4708140,osmo1d2jqp78s7re34v4ytrj6nu98rwq98ywqtnsrww,/osmosis.gamm.v1beta1.MsgExitPool,678,ibc/D189335C6E4A68B513C10AB227BF1C1D38C746766278BA3EEB4FB14124F1D858,1342604,68,uosmo,1188987,60,5.0227548723975206e-05
4708140,osmo1j94735wfgws9g0ha5wxk5g7jzcy76utdj28jlm,/osmosis.gamm.v1beta1.MsgExitPool,690,ibc/CBA34207E969623D95D057D9B11B0C8B32B89A71F170577D982FDDE623813FFC,10809158,453,uosmo,817170,35,4.186798384089567e-05
4708148,osmo1d2jqp78s7re34v4ytrj6nu98rwq98ywqtnsrww,/osmosis.gamm.v1beta1.MsgExitPool,712,ibc/D1542AA8762DB13087D8364F3EA6509FD6F009A34F00426AF9E4F9FA85CBBF1F,305,1,uosmo,81548,82,0.0009971285305073233
4708151,osmo18kfhd6arnhmv3swlr7ctge27v3tx98lj9uy086,/osmosis.gamm.v1beta1.MsgExitPool,690,ibc/CBA34207E969623D95D057D9B11B0C8B32B89A71F170577D982FDDE623813FFC,181399196,7595,uosmo,13713612,575,4.186798384089567e-05
4708159,osmo1azeezpnwsde5yy6pacjrc6hjydlpta3f5z8rz5,/osmosis.gamm.v1beta1.MsgExitPool,585,ibc/0954E1C28EB7AF5B72D24F3BC2B47BBB2FDF91BDDFD57B74B99E133AED40972A,1814612477,14096,ibc/27394FB092D2ECCD56123C74F36E4C1F926001CEADA9CA97EA622B25F41E5EB2,264679065,2056,7.767790767164974e-06
4708179,osmo1u70tvdm9wr65xnnsycymlrhnwfsj3sanzk377a,/osmosis.gamm.v1beta1.MsgExitPool,497,ibc/46B44899322F3CD854D2D46DEEF881958467CDD4B3B10086DA49296BBED94BED,1124972,12,uosmo,3569468,36,9.93361860582166e-06
4708202,osmo1dvwyzspj43vrdffqm0rmj9fa0aqnalqpad5sva,/osmosis.gamm.v1beta1.MsgExitPool,497,ibc/46B44899322F3CD854D2D46DEEF881958467CDD4B3B10086DA49296BBED94BED,18186565,183,uosmo,57655435,581,1.0061441080852816e-05
4708269,osmo13tz2c803xy089usw069vmga8lfurf5a5mmtjru,/osmosis.gamm.v1beta1.MsgExitPool,704,ibc/EA1D43981D5C9A1C4AAEA9C23BB1D4FA126BA9BC7020A25E0AE4AA841EA25DC5,28153571696695107,26863162008234,uosmo,44628498,42583,0.0009541653292746076
4708276,osmo10ze4wxhkgfzgknr0779ml7w0a655tn98x6sw4u,/osmosis.gamm.v1beta1.MsgExitPool,497,ibc/46B44899322F3CD854D2D46DEEF881958467CDD4B3B10086DA49296BBED94BED,147220440,1501,uosmo,465341962,4744,1.019328736104814e-05
4708299,osmo1w8sfjgtkq5vg0u2pks22fsvdlnpjtd5fnpkduh,/osmosis.gamm.v1beta1.MsgExitPool,678,ibc/D189335C6E4A68B513C10AB227BF1C1D38C746766278BA3EEB4FB14124F1D858,154528864,9150,uosmo,136685147,8093,5.9207210533071897e-05
4708311,osmo1geth7fyn2qchnr5vfsk4s88a2qhw7yvdzjdand,/osmosis.gamm.v1beta1.MsgExitPool,1,ibc/27394FB092D2ECCD56123C74F36E4C1F926001CEADA9CA97EA622B25F41E5EB2,2173378,65,uosmo,17037939,510,2.9905497236423703e-05
4708389,osmo1pa0kkk5gnp7awaf88lvsh7aw3fwvmnm865czje,/osmosis.gamm.v1beta1.MsgExitPool,678,ibc/D189335C6E4A68B513C10AB227BF1C1D38C746766278BA3EEB4FB14124F1D858,2184791,130,uosmo,1930545,115,5.925060015527657e-05
4708438,osmo192sqr9wuhapxdm6hhsmc55v4472wgz64n6uynk,/osmosis.gamm.v1beta1.MsgExitPool,15,ibc/A0CC0CF735BFB30E730C70019D4218A1244FF383503FF7579C9201AB93CA9293,90194348,3675,uosmo,106687686,4347,4.07374415225235e-05
4708451,osmo1fwtlm9spclvzle8rw0gezkphg7uh8v6gax9m4d,/osmosis.gamm.v1beta1.MsgExitPool,497,ibc/46B44899322F3CD854D2D46DEEF881958467CDD4B3B10086DA49296BBED94BED,14243433,266,uosmo,44817226,837,1.8663425483194258e-05
4708471,osmo1sm8peyeg0cj6wr8w0wl305k6w5yz2mj3p3zppt,/osmosis.gamm.v1beta1.MsgExitPool,1,ibc/27394FB092D2ECCD56123C74F36E4C1F926001CEADA9CA97EA622B25F41E5EB2,6919267,213,uosmo,54217364,1662,3.065009707462868e-05
4708473,osmo1hf70zntf5pw99npkegrezn0v78mfvp4crj5xjj,/osmosis.gamm.v1beta1.MsgExitPool,678,ibc/D189335C6E4A68B513C10AB227BF1C1D38C746766278BA3EEB4FB14124F1D858,72189201,4604,uosmo,63904610,4076,6.376989284054763e-05
4708477,osmo13xh7vcswrptj0tafvd6m8m3td803pjxj2h69mn,/osmosis.gamm.v1beta1.MsgExitPool,678,ibc/D189335C6E4A68B513C10AB227BF1C1D38C746766278BA3EEB4FB14124F1D858,9130957,583,uosmo,8083054,516,6.376989284054763e-05
4708478,osmo16g5xl2ry9yzul8wnarc7ckx7vl5y7g8qpca2xa,/osmosis.gamm.v1beta1.MsgExitPool,1,ibc/27394FB092D2ECCD56123C74F36E4C1F926001CEADA9CA97EA622B25F41E5EB2,163215,6,uosmo,1278772,40,3.065009707462868e-05
4708480,osmo1vj06gt7dhevlzxfg9ucnztsyehh6mvxnsk9229,/osmosis.gamm.v1beta1.MsgExitPool,1,ibc/27394FB092D2ECCD56123C74F36E4C1F926001CEADA9CA97EA622B25F41E5EB2,37696731,1156,uosmo,295336053,9053,3.065009707462868e-05
4708502,osmo1q0x6hfuknmgsmv3vv3tu60v8ph054qmynydc3y,/osmosis.gamm.v1beta1.MsgExitPool,1,ibc/27394FB092D2ECCD56123C74F36E4C1F926001CEADA9CA97EA622B25F41E5EB2,333136162,10287,uosmo,2608871637,80559,3.087864439067402e-05
4708566,osmo1tepmnj43qy30t3aa0e9vfgllw6xjer382d55hy,/osmosis.gamm.v1beta1.MsgExitPool,678,ibc/D189335C6E4A68B513C10AB227BF1C1D38C746766278BA3EEB4FB14124F1D858,6731278880,429619,uosmo,5948291418,379645,6.382418132504674e-05
4708581,osmo19yjgge664j2csetcnxxjn3hcwf642eadya26dt,/osmosis.gamm.v1beta1.MsgExitPool,629,ibc/8318FD63C42203D16DDCAF49FE10E8590669B3219A3E87676AC9DA50722687FB,8211842033283685512878,95054022801508720,uosmo,64358433,745,1.1575237616145337e-05
4708581,osmo1eqdj7jsa0ypvxdvwert6s2sf8qqux6vs2hady4,/osmosis.gamm.v1beta1.MsgExitPool,678,ibc/D189335C6E4A68B513C10AB227BF1C1D38C746766278BA3EEB4FB14124F1D858,40709844,2599,uosmo,35988058,2297,6.382418132504674e-05
4708593,osmo1ppetwac9lsc20wjn94fvr36kdcuxqkp07nm5x0,/osmosis.gamm.v1beta1.MsgExitPool,497,ibc/46B44899322F3CD854D2D46DEEF881958467CDD4B3B10086DA49296BBED94BED,3667291,69,uosmo,11575406,217,1.8663425483194258e-05
4708621,osmo17g8qhml8a3v3gtesj80e0xae0unj86klm9xpet,/osmosis.gamm.v1beta1.MsgExitPool,678,ibc/D189335C6E4A68B513C10AB227BF1C1D38C746766278BA3EEB4FB14124F1D858,43584125,3039,uosmo,38458537,2681,6.97083860444158e-05
4708673,osmo1faf8txl48hlnt7c866dnlpe90cvvhwue608s4m,/osmosis.gamm.v1beta1.MsgExitPool,498,ibc/27394FB092D2ECCD56123C74F36E4C1F926001CEADA9CA97EA622B25F41E5EB2,12508976,11,ibc/46B44899322F3CD854D2D46DEEF881958467CDD4B3B10086DA49296BBED94BED,30864070,27,8.675335603733168e-07
4708731,osmo1x6gvw82e27x6jkxmh8jlelmj4gn6mwlpsxmfha,/osmosis.gamm.v1beta1.MsgExitPool,604,ibc/987C17B11ABC2B20019178ACE62929FE9840202CE79498E29FE8E5CB02B7C0A4,2723344266,77998,uosmo,76543205,2193,2.864042115239109e-05
4708732,osmo1g5ynr0lv2pvg0y7t7zr6v8w0qm6zhps5x0egjx,/osmosis.gamm.v1beta1.MsgExitPool,641,ibc/67795E528DF67C5606FC20F824EA39A6EF55BA133F4DC79C90A8C47A0901E17C,9715690592,845946,uosmo,258432748,22502,8.707007237512262e-05
4708737,osmo1makt48wmuq53wpm2jp55u5v6hhcatxk439knjt,/osmosis.gamm.v1beta1.MsgExitPool,712,ibc/D1542AA8762DB13087D8364F3EA6509FD6F009A34F00426AF9E4F9FA85CBBF1F,103115,113,uosmo,27510031,30132,0.0010953045053493896
4708743,osmo1gqylk9jknp043qd79thldxalz6vhnr4txtn7u4,/osmosis.gamm.v1beta1.MsgExitPool,690,ibc/CBA34207E969623D95D057D9B11B0C8B32B89A71F170577D982FDDE623813FFC,16432550,444963,uosmo,1403365,38001,0.0270780940144937
4708756,osmo1dw6m6txg97twtcyw45x2nutczdtpaqg3ge334z,/osmosis.gamm.v1beta1.MsgExitPool,1,ibc/27394FB092D2ECCD56123C74F36E4C1F926001CEADA9CA97EA622B25F41E5EB2,2182013,69,uosmo,17102068,535,3.126171504380063e-05
4708762,osmo1gqylk9jknp043qd79thldxalz6vhnr4txtn7u4,/osmosis.gamm.v1beta1.MsgExitPool,585,ibc/0954E1C28EB7AF5B72D24F3BC2B47BBB2FDF91BDDFD57B74B99E133AED40972A,16280480,127,ibc/27394FB092D2ECCD56123C74F36E4C1F926001CEADA9CA97EA622B25F41E5EB2,2370196,19,7.767790767164974e-06
4708768,osmo1gqylk9jknp043qd79thldxalz6vhnr4txtn7u4,/osmosis.gamm.v1beta1.MsgExitPool,498,ibc/27394FB092D2ECCD56123C74F36E4C1F926001CEADA9CA97EA622B25F41E5EB2,1802967,2,ibc/46B44899322F3CD854D2D46DEEF881958467CDD4B3B10086DA49296BBED94BED,4443366,4,8.675335603733168e-07
4708773,osmo1gqylk9jknp043qd79thldxalz6vhnr4txtn7u4,/osmosis.gamm.v1beta1.MsgExitPool,497,ibc/46B44899322F3CD854D2D46DEEF881958467CDD4B3B10086DA49296BBED94BED,2958231,57,uosmo,9359998,178,1.8942785390217528e-05
4708779,osmo1gqylk9jknp043qd79thldxalz6vhnr4txtn7u4,/osmosis.gamm.v1beta1.MsgExitPool,1,ibc/27394FB092D2ECCD56123C74F36E4C1F926001CEADA9CA97EA622B25F41E5EB2,76961,3,uosmo,603205,19,3.1265777980436684e-05
4708780,osmo18qp6u0mvs7ac89gkn6r5j5jqu90zp74ym9hz5v,/osmosis.gamm.v1beta1.MsgExitPool,604,ibc/987C17B11ABC2B20019178ACE62929FE9840202CE79498E29FE8E5CB02B7C0A4,793901585,24022,uosmo,22313082,676,3.0257469187498717e-05
4708789,osmo1adzlr4t3cky4x5m9pg8y9nuavhxl8hyyxwduhd,/osmosis.gamm.v1beta1.MsgExitPool,678,ibc/D189335C6E4A68B513C10AB227BF1C1D38C746766278BA3EEB4FB14124F1D858,44391844,3283,uosmo,39211639,2900,7.393697978070637e-05
4708803,osmo14hg3dtn0gc0dadmjth7hhpmtxnlwdepyh7mxue,/osmosis.gamm.v1beta1.MsgExitPool,678,ibc/D189335C6E4A68B513C10AB227BF1C1D38C746766278BA3EEB4FB14124F1D858,59456490,4397,uosmo,52515503,3883,7.393697978070637e-05
4708805,osmo10qx8j604ll0tkzvel704z97hukwsmfmy3ttyf9,/osmosis.gamm.v1beta1.MsgExitPool,1,ibc/27394FB092D2ECCD56123C74F36E4C1F926001CEADA9CA97EA622B25F41E5EB2,54047,2,uosmo,423711,14,3.126760951429323e-05
4708808,osmo1vaysxz87gfl0wm6n5rvy7ec6qm73rep79cn8g6,/osmosis.gamm.v1beta1.MsgExitPool,498,ibc/27394FB092D2ECCD56123C74F36E4C1F926001CEADA9CA97EA622B25F41E5EB2,4699486,5,ibc/46B44899322F3CD854D2D46DEEF881958467CDD4B3B10086DA49296BBED94BED,11582579,11,8.675335603733168e-07
4708815,osmo10qx8j604ll0tkzvel704z97hukwsmfmy3ttyf9,/osmosis.gamm.v1beta1.MsgExitPool,497,ibc/46B44899322F3CD854D2D46DEEF881958467CDD4B3B10086DA49296BBED94BED,939,1,uosmo,2973,1,1.8942785390217528e-05
4708818,osmo1d8etkcl43lp9nhdsflmm9y3krl7dutwj2493rh,/osmosis.gamm.v1beta1.MsgExitPool,497,ibc/46B44899322F3CD854D2D46DEEF881958467CDD4B3B10086DA49296BBED94BED,1445824,28,uosmo,4575534,87,1.8942785390217528e-05
4708820,osmo10qx8j604ll0tkzvel704z97hukwsmfmy3ttyf9,/osmosis.gamm.v1beta1.MsgExitPool,604,ibc/987C17B11ABC2B20019178ACE62929FE9840202CE79498E29FE8E5CB02B7C0A4,120497,4,uosmo,3387,1,3.07270847983601e-05
4708826,osmo10qx8j604ll0tkzvel704z97hukwsmfmy3ttyf9,/osmosis.gamm.v1beta1.MsgExitPool,605,ibc/B9E0A1A524E98BB407D3CED8720EFEFD186002F90C1B1B7964811DD0CCC12228,42520671,609,uosmo,1735,1,1.4303528413185942e-05
4708830,osmo1pluvppw3973qkk5rt8w0mmdsqx03hy6xl84etm,/osmosis.gamm.v1beta1.MsgExitPool,1,ibc/27394FB092D2ECCD56123C74F36E4C1F926001CEADA9CA97EA622B25F41E5EB2,26291442,823,uosmo,206116254,6445,3.126760951429323e-05
4708832,osmo1lt3cmjpzsd7lga33mxngw7fq87f3p7pcs93573,/osmosis.gamm.v1beta1.MsgExitPool,690,ibc/CBA34207E969623D95D057D9B11B0C8B32B89A71F170577D982FDDE623813FFC,841188,22781,uosmo,71817,1945,0.027080796520533516
4708841,osmo10xnqv49h7hh0gfspl7pq6w5nfqtkvj4rxzhel9,/osmosis.gamm.v1beta1.MsgExitPool,1,ibc/27394FB092D2ECCD56123C74F36E4C1F926001CEADA9CA97EA622B25F41E5EB2,1989500000,62207,uosmo,15596621606,487670,3.126760951429323e-05
4708847,osmo10xnqv49h7hh0gfspl7pq6w5nfqtkvj4rxzhel9,/osmosis.gamm.v1beta1.MsgExitPool,678,ibc/D189335C6E4A68B513C10AB227BF1C1D38C746766278BA3EEB4FB14124F1D858,6317120492,479223,uosmo,5575033990,422928,7.586090193922045e-05
4708848,osmo1xcquwffc0efn34pazvlsrasvnu5ctunk2ph85y,/osmosis.gamm.v1beta1.MsgExitPool,604,ibc/987C17B11ABC2B20019178ACE62929FE9840202CE79498E29FE8E5CB02B7C0A4,1838518322,58437,uosmo,51677525,1643,3.178438324956435e-05
4708858,osmo1wde6kapm6w2ed338fe27s7763u2puykypp7sqk,/osmosis.gamm.v1beta1.MsgExitPool,678,ibc/D189335C6E4A68B513C10AB227BF1C1D38C746766278BA3EEB4FB14124F1D858,46305778,3513,uosmo,40822281,3097,7.586090193922045e-05
4708867,osmo1uvxs9q40jl72q9p3jsx53zh65uksxtm6hw6xjh,/osmosis.gamm.v1beta1.MsgExitPool,1,ibc/27394FB092D2ECCD56123C74F36E4C1F926001CEADA9CA97EA622B25F41E5EB2,8470314,266,uosmo,66425470,2079,3.1290735461888724e-05
4708891,osmo1a944h7gug7r2ad9l2usdm8zmm0mmxak9r0ltvj,/osmosis.gamm.v1beta1.MsgExitPool,712,ibc/D1542AA8762DB13087D8364F3EA6509FD6F009A34F00426AF9E4F9FA85CBBF1F,7249,9,uosmo,1936255,2250,0.001161524261945091
4708903,osmo1xczaaw2mlddu2f5jz05xg27cr9lku2kxun8tf6,/osmosis.gamm.v1beta1.MsgExitPool,678,ibc/D189335C6E4A68B513C10AB227BF1C1D38C746766278BA3EEB4FB14124F1D858,9721398,743,uosmo,8534583,652,7.638667400636564e-05
4708904,osmo1pluvppw3973qkk5rt8w0mmdsqx03hy6xl84etm,/osmosis.gamm.v1beta1.MsgExitPool,1,ibc/27394FB092D2ECCD56123C74F36E4C1F926001CEADA9CA97EA622B25F41E5EB2,9405667,300,uosmo,73809965,2353,3.1868570877696604e-05
4708913,osmo10t26acjmemggsahq6uvyucm4tj3z0mhz23ljh2,/osmosis.gamm.v1beta1.MsgExitPool,678,ibc/D189335C6E4A68B513C10AB227BF1C1D38C746766278BA3EEB4FB14124F1D858,819603579,62607,uosmo,717892014,54838,7.638667400636564e-05
4708916,osmo1ncx0zpzvmwe6f4055943xqjhqnrwh6tp2hg6a3,/osmosis.gamm.v1beta1.MsgExitPool,629,ibc/8318FD63C42203D16DDCAF49FE10E8590669B3219A3E87676AC9DA50722687FB,17566854301026301595,1458659030742437,uosmo,138588,12,8.303473153171295e-05
4708919,osmo1slhv6gxg5h48gghf2jwjm64w8t7edynppqp2vx,/osmosis.gamm.v1beta1.MsgExitPool,712,ibc/D1542AA8762DB13087D8364F3EA6509FD6F009A34F00426AF9E4F9FA85CBBF1F,2329752,2707,uosmo,622613683,723181,0.001161524261945091
4708924,osmo15wk3htq4p024tfc6nagvgusra0tlt3hhv2sw9d,/osmosis.gamm.v1beta1.MsgExitPool,722,ibc/6AE98883D4D5D5FF9E50D7130F1305DA2FFA0C652D1DD9C123657C6B4EB2DF8A,105845696767035912667,185128183749433408,uosmo,193359810,338194,0.0017490383587052813
4708933,osmo1060t4vlql9ngh4jj4h67nsyu4lmljyd8pesy5q,/osmosis.gamm.v1beta1.MsgExitPool,669,ibc/6BDB4C8CCD45033F9604E4B93ED395008A753E01EECD6992E7D1EA23D9D3B788,15340429,1189,uosmo,1012247,79,7.745152361024144e-05
4708942,osmo1eh0vums0v89mpulj6uykt8k7g70nvwxcycq47m,/osmosis.gamm.v1beta1.MsgExitPool,678,ibc/D189335C6E4A68B513C10AB227BF1C1D38C746766278BA3EEB4FB14124F1D858,42886463,3360,uosmo,37497073,2938,7.833376218929049e-05
4708955,osmo139cx4kcvepcc3krw5wvrde5pheax4jzstu3tal,/osmosis.gamm.v1beta1.MsgExitPool,601,ibc/EA3E1640F9B1532AB129A571203A0B9F789A7F14BB66E350DCBFA18E1A1931F0,7342928,936,uosmo,2123238,271,0.0001274624893700504
4708963,osmo139cx4kcvepcc3krw5wvrde5pheax4jzstu3tal,/osmosis.gamm.v1beta1.MsgExitPool,604,ibc/987C17B11ABC2B20019178ACE62929FE9840202CE79498E29FE8E5CB02B7C0A4,293483227,9390,uosmo,8260900,265,3.1994807336671724e-05
4708986,osmo178s275svy3n97c82vdglhv6m8j56yc30msgxmr,/osmosis.gamm.v1beta1.MsgExitPool,1,ibc/27394FB092D2ECCD56123C74F36E4C1F926001CEADA9CA97EA622B25F41E5EB2,986393,35,uosmo,7755750,273,3.5074165715314324e-05
4708989,osmo1npquw5czg704mu9d7sgdv07rrmsmgzns8rrrlg,/osmosis.gamm.v1beta1.MsgExitPool,631,ibc/297C64CC42B5A8D8F82FE2EBE208A6FE8F94B86037FA28C4529A23701C228F7A,1111952,908,uosmo,14910143,12163,0.0008156955199130988
4709024,osmo1a80h8wx74yczws53ap5zm5f8t7udf8u6plff0c,/osmosis.gamm.v1beta1.MsgExitPool,625,ibc/E97634A40119F1898989C2A23224ED83FDD0A57EA46B3A094E287288D1672B44,2467115554,28202,uosmo,26533172,304,1.1431037610805078e-05
4709028,osmo1jzkah2lzef3ywvr9tdfe6d8empdl7nhz2pce3k,/osmosis.gamm.v1beta1.MsgExitPool,497,ibc/46B44899322F3CD854D2D46DEEF881958467CDD4B3B10086DA49296BBED94BED,82717497,1692,uosmo,262368235,5367,2.04544565055324e-05
4709035,osmo1crykcdaxm3u4flnjxq0kmyye7uqy9tcesac6u2,/osmosis.gamm.v1beta1.MsgExitPool,498,ibc/27394FB092D2ECCD56123C74F36E4C1F926001CEADA9CA97EA622B25F41E5EB2,84954,1,ibc/46B44899322F3CD854D2D46DEEF881958467CDD4B3B10086DA49296BBED94BED,209288,1,8.675335603733168e-07
4709037,osmo1f8xye7qclcwtd9wwp2l2gey79qckacxnvm37mp,/osmosis.gamm.v1beta1.MsgExitPool,722,ibc/6AE98883D4D5D5FF9E50D7130F1305DA2FFA0C652D1DD9C123657C6B4EB2DF8A,105040239507393798863,184191718779016160,uosmo,192146149,336935,0.001753534832392027
4709053,osmo1k278k46nsvnc9ahx0n94qwt9qul7vea6wg6khg,/osmosis.gamm.v1beta1.MsgExitPool,690,ibc/CBA34207E969623D95D057D9B11B0C8B32B89A71F170577D982FDDE623813FFC,3145284,85203,uosmo,268464,7273,0.02708883951271449
4709091,osmo1dnd9x05al22mns9s0vwqumjfnvrlj7fhpcvs9m,/osmosis.gamm.v1beta1.MsgExitPool,690,ibc/CBA34207E969623D95D057D9B11B0C8B32B89A71F170577D982FDDE623813FFC,45575946,1235756,uosmo,3889500,105461,0.02711421252678984
4709091,osmo1slvy9lupfute6sz05jp76xly6xavs04hcxylu9,/osmosis.gamm.v1beta1.MsgExitPool,611,ibc/27394FB092D2ECCD56123C74F36E4C1F926001CEADA9CA97EA622B25F41E5EB2,4288972,83,ibc/987C17B11ABC2B20019178ACE62929FE9840202CE79498E29FE8E5CB02B7C0A4,1193888937,22892,1.9173482343921227e-05
4709149,osmo123ymh4h4zjjgujsc4fhmhks32pvmglcj9mkyra,/osmosis.gamm.v1beta1.MsgExitPool,629,ibc/8318FD63C42203D16DDCAF49FE10E8590669B3219A3E87676AC9DA50722687FB,1343386932421143022851,113732308559702784,uosmo,10650901,902,8.466087157385602e-05
4709150,osmo1as7ufzy5y8mnuygzx74nk4u3xc3jjgdf5vsfh9,/osmosis.gamm.v1beta1.MsgExitPool,629,ibc/8318FD63C42203D16DDCAF49FE10E8590669B3219A3E87676AC9DA50722687FB,37652749280271809065,3187714571219692,uosmo,298525,26,8.466087157385602e-05
4709157,osmo128mhm8efuaa5yhadtt8476xds7azrr28ys9659,/osmosis.gamm.v1beta1.MsgExitPool,690,ibc/CBA34207E969623D95D057D9B11B0C8B32B89A71F170577D982FDDE623813FFC,45444033,1232339,uosmo,3877735,105156,0.027117729182369554
4709183,osmo1sqm0rm2w52lg07g0v9kynt6zqqghlfvuddene9,/osmosis.gamm.v1beta1.MsgExitPool,604,ibc/987C17B11ABC2B20019178ACE62929FE9840202CE79498E29FE8E5CB02B7C0A4,605270717,36690,uosmo,17041364,1033,6.061707482788348e-05
4709215,osmo1sqm0rm2w52lg07g0v9kynt6zqqghlfvuddene9,/osmosis.gamm.v1beta1.MsgExitPool,604,ibc/987C17B11ABC2B20019178ACE62929FE9840202CE79498E29FE8E5CB02B7C0A4,605245535,36922,uosmo,17042062,1040,6.1001967947206736e-05
4709233,osmo1kwwm2zln6z8lv30szcya5f9wnrdu6lamuhuq4c,/osmosis.gamm.v1beta1.MsgExitPool,497,ibc/46B44899322F3CD854D2D46DEEF881958467CDD4B3B10086DA49296BBED94BED,24861556,788,uosmo,78861493,2499,3.167833292396472e-05
4709242,osmo13n7wdmcw863qzrxrffupfk26ht3au7yw7r7en2,/osmosis.gamm.v1beta1.MsgExitPool,690,ibc/CBA34207E969623D95D057D9B11B0C8B32B89A71F170577D982FDDE623813FFC,5525869,149862,uosmo,471443,12786,0.027120035948531344
4709242,osmo1kwwm2zln6z8lv30szcya5f9wnrdu6lamuhuq4c,/osmosis.gamm.v1beta1.MsgExitPool,15,ibc/A0CC0CF735BFB30E730C70019D4218A1244FF383503FF7579C9201AB93CA9293,71408853,2910,uosmo,85323165,3476,4.07374415225235e-05
4709247,osmo1kwwm2zln6z8lv30szcya5f9wnrdu6lamuhuq4c,/osmosis.gamm.v1beta1.MsgExitPool,604,ibc/987C17B11ABC2B20019178ACE62929FE9840202CE79498E29FE8E5CB02B7C0A4,1544754966,94234,uosmo,43499325,2654,6.1001967947206736e-05
4709251,osmo1kwwm2zln6z8lv30szcya5f9wnrdu6lamuhuq4c,/osmosis.gamm.v1beta1.MsgExitPool,648,ibc/8061A06D3BD4D52C4A28FFECF7150D370393AF0BA661C3776C54FF32836C3961,101250053669284954435,76516096717221600,uosmo,18826364,14228,0.0007557141348995985
4709267,osmo127rxtmsja3jses3dhq7nj2stkq53j3cw27yjlu,/osmosis.gamm.v1beta1.MsgExitPool,1,ibc/27394FB092D2ECCD56123C74F36E4C1F926001CEADA9CA97EA622B25F41E5EB2,425155634,16876,uosmo,3347572770,132876,3.969312479594796e-05
4709272,osmo14am952nzggxntteuq5napl6e27kerx4hy6ezsy,/osmosis.gamm.v1beta1.MsgExitPool,560,ibc/BE1BB42D4BE3C30D50B68D7C41DB4DFCE9678E8EF8C539F6E6A9345048894FCC,1761585156,1538,uosmo,14004859,13,8.728450769058729e-07
4709283,osmo127rxtmsja3jses3dhq7nj2stkq53j3cw27yjlu,/osmosis.gamm.v1beta1.MsgExitPool,678,ibc/D189335C6E4A68B513C10AB227BF1C1D38C746766278BA3EEB4FB14124F1D858,381839945,30738,uosmo,330428103,26599,8.049754483331343e-05
4709292,osmo1qp749jf5nf8cgs374prymzsm8pl8xjgafjkpqd,/osmosis.gamm.v1beta1.MsgExitPool,690,ibc/CBA34207E969623D95D057D9B11B0C8B32B89A71F170577D982FDDE623813FFC,120951147,3287227,uosmo,10324337,280597,0.027178130925051745
4709297,osmo1qp749jf5nf8cgs374prymzsm8pl8xjgafjkpqd,/osmosis.gamm.v1beta1.MsgExitPool,619,ibc/EA4C0A9F72E2CEDF10D0E7A9A6A22954DB3444910DB5BE980DF59B05A46DAD1C,2938779835,35349,uosmo,54138317,652,1.2028401592713808e-05
4709297,osmo14z0djyy7v8xkteh5lash3tx9svsfzzavxvn8mv,/osmosis.gamm.v1beta1.MsgExitPool,631,ibc/297C64CC42B5A8D8F82FE2EBE208A6FE8F94B86037FA28C4529A23701C228F7A,2124079,1881,uosmo,28687737,25392,0.0008851053558120763
4709298,osmo1dfwm8kvaq330nzpml86hex6wy8qjm9cc9vfznw,/osmosis.gamm.v1beta1.MsgExitPool,498,ibc/27394FB092D2ECCD56123C74F36E4C1F926001CEADA9CA97EA622B25F41E5EB2,5817477,6,ibc/46B44899322F3CD854D2D46DEEF881958467CDD4B3B10086DA49296BBED94BED,14321234,14,9.63364002573307e-07
4709303,osmo1dfwm8kvaq330nzpml86hex6wy8qjm9cc9vfznw,/osmosis.gamm.v1beta1.MsgExitPool,605,ibc/B9E0A1A524E98BB407D3CED8720EFEFD186002F90C1B1B7964811DD0CCC12228,19912770439,565157,uosmo,812332,24,2.8381631957663854e-05
4709339,osmo1cwj3vqxk6p7e6ntxt8925m3l9d6l0jr554d3e7,/osmosis.gamm.v1beta1.MsgExitPool,1,ibc/27394FB092D2ECCD56123C74F36E4C1F926001CEADA9CA97EA622B25F41E5EB2,27341668,1099,uosmo,215469923,8657,4.0172900934272316e-05
4709349,osmo14pakf28w2vmeemfcfhlt3xgpah24548lzdp5c8,/osmosis.gamm.v1beta1.MsgExitPool,690,ibc/CBA34207E969623D95D057D9B11B0C8B32B89A71F170577D982FDDE623813FFC,50629964,1376028,uosmo,4321593,117453,0.027178130925051745
4709364,osmo1qp749jf5nf8cgs374prymzsm8pl8xjgafjkpqd,/osmosis.gamm.v1beta1.MsgExitPool,9,ibc/E6931F78057F7CC5DA0FD6CEF82FF39373A6E0452BF1FD76910B93292CF356C1,637125380275,167877336,uosmo,996169869,262483,0.00026349183528759693
4709371,osmo16wu3f76vpc3dstcv8kl4d57xx45z8mmdffgt4t,/osmosis.gamm.v1beta1.MsgExitPool,560,ibc/BE1BB42D4BE3C30D50B68D7C41DB4DFCE9678E8EF8C539F6E6A9345048894FCC,610654557,534,uosmo,4853582,5,8.728450769058729e-07
4709394,osmo1xghme9epu0z4x9tr55uspcdxn0wvcgt5h8tzkw,/osmosis.gamm.v1beta1.MsgExitPool,690,ibc/CBA34207E969623D95D057D9B11B0C8B32B89A71F170577D982FDDE623813FFC,45295991,1231978,uosmo,3865784,105144,0.027198381796131408
4709410,osmo129xvhtfhplpul2tgqy9ufm40u62667f0qxgmw2,/osmosis.gamm.v1beta1.MsgExitPool,1,ibc/27394FB092D2ECCD56123C74F36E4C1F926001CEADA9CA97EA622B25F41E5EB2,216174122,8899,uosmo,1704185456,70150,4.1162915338993596e-05
4709421,osmo1xezn7jjvdrtpjafy9cwp7th4j6duaqu2utcelz,/osmosis.gamm.v1beta1.MsgExitPool,560,ibc/BE1BB42D4BE3C30D50B68D7C41DB4DFCE9678E8EF8C539F6E6A9345048894FCC,125037419,110,uosmo,993779,1,8.728450769058729e-07
4709424,osmo129xvhtfhplpul2tgqy9ufm40u62667f0qxgmw2,/osmosis.gamm.v1beta1.MsgExitPool,497,ibc/46B44899322F3CD854D2D46DEEF881958467CDD4B3B10086DA49296BBED94BED,122407818,3878,uosmo,388339188,12302,3.167833292396472e-05
4709426,osmo10k0qxqh39fwk2khv49g0n673kfqwe778f09ffg,/osmosis.gamm.v1beta1.MsgExitPool,662,ibc/41999DF04D9441DAC0DF5D8291DF4333FBCBA810FFD63FDCE34FDF41EF37B6F7,617215163,213571,uosmo,5152,2,0.0003460220422217364
4709426,osmo1xezn7jjvdrtpjafy9cwp7th4j6duaqu2utcelz,/osmosis.gamm.v1beta1.MsgExitPool,1,ibc/27394FB092D2ECCD56123C74F36E4C1F926001CEADA9CA97EA622B25F41E5EB2,1081247,45,uosmo,8523556,351,4.1162915338993596e-05
4709431,osmo1yte9x7rytzch3yrgyvhnc99m5ga4rrfsx3yyc8,/osmosis.gamm.v1beta1.MsgExitPool,611,ibc/27394FB092D2ECCD56123C74F36E4C1F926001CEADA9CA97EA622B25F41E5EB2,22738578,489,ibc/987C17B11ABC2B20019178ACE62929FE9840202CE79498E29FE8E5CB02B7C0A4,6325047502,135770,2.1465426932127948e-05
4709435,osmo1t5d7cje9jlg46mkeplgu3lt4fxq8u4mtyehqz4,/osmosis.gamm.v1beta1.MsgExitPool,1,ibc/27394FB092D2ECCD56123C74F36E4C1F926001CEADA9CA97EA622B25F41E5EB2,438598,19,uosmo,3456392,143,4.1162915338993596e-05
4709438,osmo1jeesfvtyh35ljartj75v633srxnkql7guq0csy,/osmosis.gamm.v1beta1.MsgExitPool,1,ibc/27394FB092D2ECCD56123C74F36E4C1F926001CEADA9CA97EA622B25F41E5EB2,922600,38,uosmo,7270579,300,4.1162915338993596e-05
4709442,osmo1uryp8xxqhfhf2sd40usud4kz4gx9jn4ftnsvg5,/osmosis.gamm.v1beta1.MsgExitPool,3,ibc/1480B8FD20AD5FCAE81EA87584D269547DD4D436843C1D20F15E00EB64743EF4,48027545,14609,uosmo,14694024,4470,0.00030416965853952713
4709442,osmo1t5d7cje9jlg46mkeplgu3lt4fxq8u4mtyehqz4,/osmosis.gamm.v1beta1.MsgExitPool,605,ibc/B9E0A1A524E98BB407D3CED8720EFEFD186002F90C1B1B7964811DD0CCC12228,19215359219,812960,uosmo,784360,34,4.2307778294782056e-05
4709467,osmo1uryp8xxqhfhf2sd40usud4kz4gx9jn4ftnsvg5,/osmosis.gamm.v1beta1.MsgExitPool,625,ibc/E97634A40119F1898989C2A23224ED83FDD0A57EA46B3A094E287288D1672B44,2977578100,34231,uosmo,32282282,372,1.1496125154978669e-05
4709525,osmo1qaag7emlflgyxddkf3zqhgtzyyq0d37rsvyjcz,/osmosis.gamm.v1beta1.MsgExitPool,674,ibc/0CD3A0285E1341859B5E86B6AB7682F023D03E97607CCC1DC95706411D866DF7,12462224861613994556,1321442743488621,uosmo,10822846,1148,0.00010603586102501757
4709532,osmo1x6tw4glku3akevllsayxu4r4qeu9utcpun8xuc,/osmosis.gamm.v1beta1.MsgExitPool,606,ibc/27394FB092D2ECCD56123C74F36E4C1F926001CEADA9CA97EA622B25F41E5EB2,106021,4,ibc/B9E0A1A524E98BB407D3CED8720EFEFD186002F90C1B1B7964811DD0CCC12228,20330723401,593659,2.920007400957642e-05
4709544,osmo132c0nklmwcu85f07er56ftjtq2hr6l49znytst,/osmosis.gamm.v1beta1.MsgExitPool,1,ibc/27394FB092D2ECCD56123C74F36E4C1F926001CEADA9CA97EA622B25F41E5EB2,1027773,47,uosmo,8076577,366,4.531308155119609e-05
4709551,osmo1qaag7emlflgyxddkf3zqhgtzyyq0d37rsvyjcz,/osmosis.gamm.v1beta1.MsgExitPool,674,ibc/0CD3A0285E1341859B5E86B6AB7682F023D03E97607CCC1DC95706411D866DF7,6254036140456688465,663152107034903,uosmo,5391646,572,0.00010603586102501757
4709570,osmo1qaag7emlflgyxddkf3zqhgtzyyq0d37rsvyjcz,/osmosis.gamm.v1beta1.MsgExitPool,674,ibc/0CD3A0285E1341859B5E86B6AB7682F023D03E97607CCC1DC95706411D866DF7,3127015704655586864,331728559774725,uosmo,2695825,286,0.00010608471178473377
4709577,osmo1qaag7emlflgyxddkf3zqhgtzyyq0d37rsvyjcz,/osmosis.gamm.v1beta1.MsgExitPool,674,ibc/0CD3A0285E1341859B5E86B6AB7682F023D03E97607CCC1DC95706411D866DF7,1563507852326668075,165864279887243,uosmo,1347912,143,0.00010608471178473377
4709582,osmo1rncc9x794q6le56vryjtljnvjl2recn3w2htdp,/osmosis.gamm.v1beta1.MsgExitPool,1,ibc/27394FB092D2ECCD56123C74F36E4C1F926001CEADA9CA97EA622B25F41E5EB2,303604,14,uosmo,2384496,109,4.531308155119609e-05
4709590,osmo1rncc9x794q6le56vryjtljnvjl2recn3w2htdp,/osmosis.gamm.v1beta1.MsgExitPool,9,ibc/E6931F78057F7CC5DA0FD6CEF82FF39373A6E0452BF1FD76910B93292CF356C1,4893508173,2997063,uosmo,7646704,4684,0.0006124568273125579
4709592,osmo1qaag7emlflgyxddkf3zqhgtzyyq0d37rsvyjcz,/osmosis.gamm.v1beta1.MsgExitPool,674,ibc/0CD3A0285E1341859B5E86B6AB7682F023D03E97607CCC1DC95706411D866DF7,781753936862065661,82932141078594,uosmo,673956,72,0.00010608471178473377
4709625,osmo1rncc9x794q6le56vryjtljnvjl2recn3w2htdp,/osmosis.gamm.v1beta1.MsgExitPool,10,ibc/27394FB092D2ECCD56123C74F36E4C1F926001CEADA9CA97EA622B25F41E5EB2,8784595,1,ibc/E6931F78057F7CC5DA0FD6CEF82FF39373A6E0452BF1FD76910B93292CF356C1,44157123073,1272,2.879395077178007e-08
4709641,osmo1y76k2egpryndqm8vrstmfjlx0ue3hc00e082td,/osmosis.gamm.v1beta1.MsgExitPool,1,ibc/27394FB092D2ECCD56123C74F36E4C1F926001CEADA9CA97EA622B25F41E5EB2,242640550,10997,uosmo,1905248281,86343,4.531845891224648e-05
4709664,osmo14sr40ga620h7r26npfccrn5d694xjxfsnjkqjv,/osmosis.gamm.v1beta1.MsgExitPool,1,ibc/27394FB092D2ECCD56123C74F36E4C1F926001CEADA9CA97EA622B25F41E5EB2,1288953,59,uosmo,10119899,461,4.551934778030414e-05
4709667,osmo19lexqfkg95hn8ffe2qyxl3404vr2t6uvj6xp8q,/osmosis.gamm.v1beta1.MsgExitPool,1,ibc/27394FB092D2ECCD56123C74F36E4C1F926001CEADA9CA97EA622B25F41E5EB2,1412238,65,uosmo,11087842,505,4.551934778030414e-05
4709702,osmo1q4mzc4l3d3f9u5a4kuedd9aj84gzur3dt2wehr,/osmosis.gamm.v1beta1.MsgExitPool,704,ibc/EA1D43981D5C9A1C4AAEA9C23BB1D4FA126BA9BC7020A25E0AE4AA841EA25DC5,16171757761871368,15935549447637,uosmo,25826001,25449,0.0009853937761304028
4709709,osmo164zttnpu52tkjjcmq42ts0nfu0872wfm5ahyld,/osmosis.gamm.v1beta1.MsgExitPool,10,ibc/27394FB092D2ECCD56123C74F36E4C1F926001CEADA9CA97EA622B25F41E5EB2,4035105,1,ibc/E6931F78057F7CC5DA0FD6CEF82FF39373A6E0452BF1FD76910B93292CF356C1,20282135853,585,2.879395077178007e-08
4709710,osmo1a6y2d0rnuz9eh9hcgvd3gukk9vrlus29ke476w,/osmosis.gamm.v1beta1.MsgExitPool,678,ibc/D189335C6E4A68B513C10AB227BF1C1D38C746766278BA3EEB4FB14124F1D858,20483960,1672,uosmo,17685410,1444,8.159865092186068e-05
4709715,osmo1dxh7d7fuvjy43e0557mx6wwe4luyc0s2z0jfec,/osmosis.gamm.v1beta1.MsgExitPool,690,ibc/CBA34207E969623D95D057D9B11B0C8B32B89A71F170577D982FDDE623813FFC,1771439,48212,uosmo,151085,4112,0.02721582985411309
4709755,osmo1zr468gqug3cs44wwm505uvnkwp3f7utjw3y8nn,/osmosis.gamm.v1beta1.MsgExitPool,690,ibc/CBA34207E969623D95D057D9B11B0C8B32B89A71F170577D982FDDE623813FFC,75205227,2046773,uosmo,6414155,174567,0.02721582985411309
4709766,osmo16es0x30h7hwm369adp5vy7prmzl75l6qdkfwsc,/osmosis.gamm.v1beta1.MsgExitPool,1,ibc/27394FB092D2ECCD56123C74F36E4C1F926001CEADA9CA97EA622B25F41E5EB2,1688050,77,uosmo,13254655,604,4.5534395858316485e-05
4709774,osmo1dxh7d7fuvjy43e0557mx6wwe4luyc0s2z0jfec,/osmosis.gamm.v1beta1.MsgExitPool,643,ibc/27394FB092D2ECCD56123C74F36E4C1F926001CEADA9CA97EA622B25F41E5EB2,141031,5,ibc/67795E528DF67C5606FC20F824EA39A6EF55BA133F4DC79C90A8C47A0901E17C,42409150,1244,2.9331265163563843e-05
4709829,osmo16lln26dtpdd0dyp4g76jaqgde5wc5mc8e2cvy3,/osmosis.gamm.v1beta1.MsgExitPool,3,ibc/1480B8FD20AD5FCAE81EA87584D269547DD4D436843C1D20F15E00EB64743EF4,3899390,1190,uosmo,1192820,364,0.0003049916601485455
4709840,osmo16lln26dtpdd0dyp4g76jaqgde5wc5mc8e2cvy3,/osmosis.gamm.v1beta1.MsgExitPool,643,ibc/27394FB092D2ECCD56123C74F36E4C1F926001CEADA9CA97EA622B25F41E5EB2,115290,4,ibc/67795E528DF67C5606FC20F824EA39A6EF55BA133F4DC79C90A8C47A0901E17C,34672111,1017,2.9331265163563843e-05
4709842,osmo1tcpmk8ztqs3f2rsu0yclzcnqjs7wu7pd9e45qf,/osmosis.gamm.v1beta1.MsgExitPool,611,ibc/27394FB092D2ECCD56123C74F36E4C1F926001CEADA9CA97EA622B25F41E5EB2,14947929,562,ibc/987C17B11ABC2B20019178ACE62929FE9840202CE79498E29FE8E5CB02B7C0A4,4135149459,155362,3.757084240159494e-05
4709846,osmo1tcpmk8ztqs3f2rsu0yclzcnqjs7wu7pd9e45qf,/osmosis.gamm.v1beta1.MsgExitPool,611,ibc/27394FB092D2ECCD56123C74F36E4C1F926001CEADA9CA97EA622B25F41E5EB2,1125112,43,ibc/987C17B11ABC2B20019178ACE62929FE9840202CE79498E29FE8E5CB02B7C0A4,311247808,11694,3.757084240159494e-05
4709858,osmo1tcpmk8ztqs3f2rsu0yclzcnqjs7wu7pd9e45qf,/osmosis.gamm.v1beta1.MsgExitPool,604,ibc/987C17B11ABC2B20019178ACE62929FE9840202CE79498E29FE8E5CB02B7C0A4,1705417068,110014,uosmo,48071717,3102,6.450816466050596e-05
4709868,osmo103cdawt7rpnl8ppn7qnc8y4aj4e9hhlvx3w70r,/osmosis.gamm.v1beta1.MsgExitPool,498,ibc/27394FB092D2ECCD56123C74F36E4C1F926001CEADA9CA97EA622B25F41E5EB2,1747379,2,ibc/46B44899322F3CD854D2D46DEEF881958467CDD4B3B10086DA49296BBED94BED,4290074,5,1.0401761266547902e-06
4709875,osmo1nscqpyukjl80zvuz024aspry0rk60279q4enuj,/osmosis.gamm.v1beta1.MsgExitPool,560,ibc/BE1BB42D4BE3C30D50B68D7C41DB4DFCE9678E8EF8C539F6E6A9345048894FCC,1194161235,1043,uosmo,9508927,9,8.728450769058729e-07
4709893,osmo13kj8rk8glvc5c0xftcmm2n8l6m8ep0yrk9xzk4,/osmosis.gamm.v1beta1.MsgExitPool,1,ibc/27394FB092D2ECCD56123C74F36E4C1F926001CEADA9CA97EA622B25F41E5EB2,309598095,14451,uosmo,2429916892,113415,4.667432019312436e-05
4709894,osmo1ztf98y3uenpj2hd6675ekc4ghmvrf7gedrv922,/osmosis.gamm.v1beta1.MsgExitPool,497,ibc/46B44899322F3CD854D2D46DEEF881958467CDD4B3B10086DA49296BBED94BED,62953405,2119,uosmo,200367575,6743,3.3648825226365615e-05
4709916,osmo14k6cvka848s62sx8rup5zmdh80lza88zr64nvd,/osmosis.gamm.v1beta1.MsgExitPool,690,ibc/CBA34207E969623D95D057D9B11B0C8B32B89A71F170577D982FDDE623813FFC,11815876,321583,uosmo,1007463,27420,0.027216175236505723
4709929,osmo1qhv8vyl4gmmz69ggz72ktxa2pc34hvsc77cu7n,/osmosis.gamm.v1beta1.MsgExitPool,690,ibc/CBA34207E969623D95D057D9B11B0C8B32B89A71F170577D982FDDE623813FFC,1768032,48120,uosmo,150750,4103,0.027216471743810925
4709934,osmo1ztf98y3uenpj2hd6675ekc4ghmvrf7gedrv922,/osmosis.gamm.v1beta1.MsgExitPool,690,ibc/CBA34207E969623D95D057D9B11B0C8B32B89A71F170577D982FDDE623813FFC,57374277,1561526,uosmo,4891982,133143,0.027216471743810925
4709943,osmo19vjw6c4svl3yczkgmk76ar3tulx8zm085up940,/osmosis.gamm.v1beta1.MsgExitPool,712,ibc/D1542AA8762DB13087D8364F3EA6509FD6F009A34F00426AF9E4F9FA85CBBF1F,51738,762,uosmo,14017444,206402,0.014724608945401665
4710006,osmo12sua5rwelhad404xamf86escnh2msje6r3xp7p,/osmosis.gamm.v1beta1.MsgExitPool,1,ibc/27394FB092D2ECCD56123C74F36E4C1F926001CEADA9CA97EA622B25F41E5EB2,1209070,60,uosmo,9459983,467,4.934807983540588e-05
4710100,osmo1ywgp5ar9w6gfny8vzx8gxsgtuc3zu0kq5yacxe,/osmosis.gamm.v1beta1.MsgExitPool,1,ibc/27394FB092D2ECCD56123C74F36E4C1F926001CEADA9CA97EA622B25F41E5EB2,13816177,691,uosmo,108493896,5421,4.99597478113233e-05
4710106,osmo1ywgp5ar9w6gfny8vzx8gxsgtuc3zu0kq5yacxe,/osmosis.gamm.v1beta1.MsgExitPool,10,ibc/27394FB092D2ECCD56123C74F36E4C1F926001CEADA9CA97EA622B25F41E5EB2,42387660,2,ibc/E6931F78057F7CC5DA0FD6CEF82FF39373A6E0452BF1FD76910B93292CF356C1,213787311460,6156,2.879395077178007e-08
4710112,osmo1ux20lcw7et2j8kl8gfdep78lacew4dqqjp5dvp,/osmosis.gamm.v1beta1.MsgExitPool,712,ibc/D1542AA8762DB13087D8364F3EA6509FD6F009A34F00426AF9E4F9FA85CBBF1F,47983,707,uosmo,12939972,190585,0.014728373712100496
4710112,osmo1ywgp5ar9w6gfny8vzx8gxsgtuc3zu0kq5yacxe,/osmosis.gamm.v1beta1.MsgExitPool,497,ibc/46B44899322F3CD854D2D46DEEF881958467CDD4B3B10086DA49296BBED94BED,2014744,170,uosmo,6418955,542,8.430223899412293e-05
4710146,osmo1ygt5q28smu68ltywdkamwa57ps7w8vvxjxc93t,/osmosis.gamm.v1beta1.MsgExitPool,498,ibc/27394FB092D2ECCD56123C74F36E4C1F926001CEADA9CA97EA622B25F41E5EB2,5105388,12,ibc/46B44899322F3CD854D2D46DEEF881958467CDD4B3B10086DA49296BBED94BED,12511489,28,2.2106881467210896e-06
4710149,osmo1lytkaq224pneqhqj5em70tkldrz76st8grxa5j,/osmosis.gamm.v1beta1.MsgExitPool,1,ibc/27394FB092D2ECCD56123C74F36E4C1F926001CEADA9CA97EA622B25F41E5EB2,70407772,3518,uosmo,552929415,27625,4.99597478113233e-05
4710150,osmo14q809c4fhnvqktpeef4nz8lk7hgsqxwj2u5x0k,/osmosis.gamm.v1beta1.MsgExitPool,690,ibc/CBA34207E969623D95D057D9B11B0C8B32B89A71F170577D982FDDE623813FFC,2921866,79541,uosmo,249089,6781,0.0272224786195294
4710154,osmo1lytkaq224pneqhqj5em70tkldrz76st8grxa5j,/osmosis.gamm.v1beta1.MsgExitPool,2,uion,9138,49,uosmo,1833169,9681,0.005280499344097908
4710166,osmo1lytkaq224pneqhqj5em70tkldrz76st8grxa5j,/osmosis.gamm.v1beta1.MsgExitPool,584,ibc/0954E1C28EB7AF5B72D24F3BC2B47BBB2FDF91BDDFD57B74B99E133AED40972A,20896040,161,uosmo,23583828,181,7.66467670290912e-06
4710170,osmo1lytkaq224pneqhqj5em70tkldrz76st8grxa5j,/osmosis.gamm.v1beta1.MsgExitPool,604,ibc/987C17B11ABC2B20019178ACE62929FE9840202CE79498E29FE8E5CB02B7C0A4,166307367,10860,uosmo,4692386,307,6.529655932710887e-05
4710174,osmo1lytkaq224pneqhqj5em70tkldrz76st8grxa5j,/osmosis.gamm.v1beta1.MsgExitPool,606,ibc/27394FB092D2ECCD56123C74F36E4C1F926001CEADA9CA97EA622B25F41E5EB2,186401,6,ibc/B9E0A1A524E98BB407D3CED8720EFEFD186002F90C1B1B7964811DD0CCC12228,35770430689,1044500,2.920007400957642e-05
4710178,osmo1lytkaq224pneqhqj5em70tkldrz76st8grxa5j,/osmosis.gamm.v1beta1.MsgExitPool,631,ibc/297C64CC42B5A8D8F82FE2EBE208A6FE8F94B86037FA28C4529A23701C228F7A,2862,3,uosmo,38280,37,0.0009535671865976544
4710182,osmo1lytkaq224pneqhqj5em70tkldrz76st8grxa5j,/osmosis.gamm.v1beta1.MsgExitPool,611,ibc/27394FB092D2ECCD56123C74F36E4C1F926001CEADA9CA97EA622B25F41E5EB2,427640,23,ibc/987C17B11ABC2B20019178ACE62929FE9840202CE79498E29FE8E5CB02B7C0A4,118260325,6135,5.1871816761837077e-05
4710186,osmo1lytkaq224pneqhqj5em70tkldrz76st8grxa5j,/osmosis.gamm.v1beta1.MsgExitPool,629,ibc/8318FD63C42203D16DDCAF49FE10E8590669B3219A3E87676AC9DA50722687FB,220017901599471030470,34381638686384868,uosmo,1800472,282,0.00015626746022228004
4710186,osmo1dqgam0gwfegzlz37cpdd6plr49dtkus9s5ak9u,/osmosis.gamm.v1beta1.MsgExitPool,497,ibc/46B44899322F3CD854D2D46DEEF881958467CDD4B3B10086DA49296BBED94BED,1201644467,159653,uosmo,3825999345,508328,0.0001328612773741828
4710191,osmo1r943fkjkccw85rsnvvvm3q3f2svauvlzczc755,/osmosis.gamm.v1beta1.MsgExitPool,602,ibc/7A08C6F11EF0F59EB841B9F788A87EC9F2361C7D9703157EC13D940DC53031FA,74088056307,79219,uosmo,2562489,3,1.069248637188493e-06
4710197,osmo1lytkaq224pneqhqj5em70tkldrz76st8grxa5j,/osmosis.gamm.v1beta1.MsgExitPool,584,ibc/0954E1C28EB7AF5B72D24F3BC2B47BBB2FDF91BDDFD57B74B99E133AED40972A,20895937,161,uosmo,23583944,181,7.66467670290912e-06
4710204,osmo1dqgam0gwfegzlz37cpdd6plr49dtkus9s5ak9u,/osmosis.gamm.v1beta1.MsgExitPool,600,ibc/27394FB092D2ECCD56123C74F36E4C1F926001CEADA9CA97EA622B25F41E5EB2,5450196,230,ibc/EA3E1640F9B1532AB129A571203A0B9F789A7F14BB66E350DCBFA18E1A1931F0,144574207,6078,4.203617075287716e-05
4710206,osmo1lj45kfahfsn896dyzge6833hly9qlpe6qyrdlr,/osmosis.gamm.v1beta1.MsgExitPool,560,ibc/BE1BB42D4BE3C30D50B68D7C41DB4DFCE9678E8EF8C539F6E6A9345048894FCC,825513248,721,uosmo,6538473,6,8.728450769058729e-07
4710219,osmo10hseevv04h4vlae36edzeeaa4km582ryq5anyu,/osmosis.gamm.v1beta1.MsgExitPool,678,ibc/D189335C6E4A68B513C10AB227BF1C1D38C746766278BA3EEB4FB14124F1D858,150930362,12600,uosmo,129725261,10830,8.348108040168838e-05
4710235,osmo1y5rqpjeawcal6elstpdwhvnhet9lgts3mt9w0d,/osmosis.gamm.v1beta1.MsgExitPool,497,ibc/46B44899322F3CD854D2D46DEEF881958467CDD4B3B10086DA49296BBED94BED,60947401,8154,uosmo,194079887,25963,0.00013377405742677243
4710243,osmo1h5jr4w7vj5m0cxemwhtnhn33vckrdnw9wdw4wn,/osmosis.gamm.v1beta1.MsgExitPool,601,ibc/EA3E1640F9B1532AB129A571203A0B9F789A7F14BB66E350DCBFA18E1A1931F0,760695140,156078,uosmo,223742912,45907,0.00020517687369707376
4710244,osmo1zgp4dhwdg20amph0gwwp4f32rcsu24wmcxvq4g,/osmosis.gamm.v1beta1.MsgExitPool,560,ibc/BE1BB42D4BE3C30D50B68D7C41DB4DFCE9678E8EF8C539F6E6A9345048894FCC,7131257048,6225,uosmo,56492031,50,8.728450769058729e-07
4710247,osmo12f6ae0wuf8g56r975mkxhp7x26flfpuhvdv9sx,/osmosis.gamm.v1beta1.MsgExitPool,560,ibc/BE1BB42D4BE3C30D50B68D7C41DB4DFCE9678E8EF8C539F6E6A9345048894FCC,626923778,548,uosmo,4966333,5,8.728450769058729e-07
4710248,osmo1sc3xzrrlxskzmndq885g0qhwgn6w0fahz85cpu,/osmosis.gamm.v1beta1.MsgExitPool,584,ibc/0954E1C28EB7AF5B72D24F3BC2B47BBB2FDF91BDDFD57B74B99E133AED40972A,7602145,73,uosmo,8578097,82,9.502898036238434e-06
4710303,osmo10hfp70p9nucq7grtmasskyut7qt9ezp0645h02,/osmosis.gamm.v1beta1.MsgExitPool,1,ibc/27394FB092D2ECCD56123C74F36E4C1F926001CEADA9CA97EA622B25F41E5EB2,14114018,708,uosmo,111280321,5580,5.013686445734276e-05
4710305,osmo1zmsts6u08t2fp02vs7xpe7csx6hqv0hdmshaz7,/osmosis.gamm.v1beta1.MsgExitPool,606,ibc/27394FB092D2ECCD56123C74F36E4C1F926001CEADA9CA97EA622B25F41E5EB2,194219,6,ibc/B9E0A1A524E98BB407D3CED8720EFEFD186002F90C1B1B7964811DD0CCC12228,37239258411,1087390,2.920007400957642e-05
4710311,osmo1zmsts6u08t2fp02vs7xpe7csx6hqv0hdmshaz7,/osmosis.gamm.v1beta1.MsgExitPool,627,ibc/9BBA9A1C257E971E38C1422780CE6F0B0686F0A3085E2D61118D904BFE0F5F5E,283000,1,uosmo,121895,1,8.011693929950363e-09
4710335,osmo1aavlnvef7tw2a75s72uwyf67gvf5q8n579tduk,/osmosis.gamm.v1beta1.MsgExitPool,560,ibc/BE1BB42D4BE3C30D50B68D7C41DB4DFCE9678E8EF8C539F6E6A9345048894FCC,1756327146,1534,uosmo,13909010,13,8.728450769058729e-07
4710370,osmo1aavlnvef7tw2a75s72uwyf67gvf5q8n579tduk,/osmosis.gamm.v1beta1.MsgExitPool,560,ibc/BE1BB42D4BE3C30D50B68D7C41DB4DFCE9678E8EF8C539F6E6A9345048894FCC,1756327146,1534,uosmo,13909010,13,8.728450769058729e-07
4710426,osmo1ed0hmq97ew4a40gpa4nprnmh5kd7vsss2r9rwv,/osmosis.gamm.v1beta1.MsgExitPool,1,ibc/27394FB092D2ECCD56123C74F36E4C1F926001CEADA9CA97EA622B25F41E5EB2,90726378,4561,uosmo,717805669,36085,5.0270934742288724e-05
4710432,osmo1ed0hmq97ew4a40gpa4nprnmh5kd7vsss2r9rwv,/osmosis.gamm.v1beta1.MsgExitPool,604,ibc/987C17B11ABC2B20019178ACE62929FE9840202CE79498E29FE8E5CB02B7C0A4,572044975,38391,uosmo,16163521,1085,6.711025122390123e-05
4710437,osmo1ed0hmq97ew4a40gpa4nprnmh5kd7vsss2r9rwv,/osmosis.gamm.v1beta1.MsgExitPool,604,ibc/987C17B11ABC2B20019178ACE62929FE9840202CE79498E29FE8E5CB02B7C0A4,572042316,38410,uosmo,16163595,1086,6.714524837113094e-05
4710454,osmo1xmrctxvjv5nfk5n7vl4jlghgve8us0quhydnh6,/osmosis.gamm.v1beta1.MsgExitPool,497,ibc/46B44899322F3CD854D2D46DEEF881958467CDD4B3B10086DA49296BBED94BED,1573041,211,uosmo,5019380,672,0.0001337890358035512
4710467,osmo1ay2g5vqwjvfq5e7rqnzjykglx9vk888rl43ryw,/osmosis.gamm.v1beta1.MsgExitPool,497,ibc/46B44899322F3CD854D2D46DEEF881958467CDD4B3B10086DA49296BBED94BED,7936929,1062,uosmo,25326001,3389,0.0001337890358035512
4710467,osmo1xmrctxvjv5nfk5n7vl4jlghgve8us0quhydnh6,/osmosis.gamm.v1beta1.MsgExitPool,625,ibc/E97634A40119F1898989C2A23224ED83FDD0A57EA46B3A094E287288D1672B44,256267023,51604,uosmo,2774589,559,0.0002013645616618905
4710473,osmo1ay2g5vqwjvfq5e7rqnzjykglx9vk888rl43ryw,/osmosis.gamm.v1beta1.MsgExitPool,605,ibc/B9E0A1A524E98BB407D3CED8720EFEFD186002F90C1B1B7964811DD0CCC12228,147347477,8730,uosmo,6025,1,5.924286952590288e-05
4710479,osmo1xmrctxvjv5nfk5n7vl4jlghgve8us0quhydnh6,/osmosis.gamm.v1beta1.MsgExitPool,1,ibc/27394FB092D2ECCD56123C74F36E4C1F926001CEADA9CA97EA622B25F41E5EB2,60903,4,uosmo,481254,26,5.211454557670254e-05
4710490,osmo1eusaavlm9utz2a7nec3sungv6llua3lz0g7ya6,/osmosis.gamm.v1beta1.MsgExitPool,497,ibc/46B44899322F3CD854D2D46DEEF881958467CDD4B3B10086DA49296BBED94BED,746423945,99864,uosmo,2381781285,318657,0.0001337890358035512
4710491,osmo1dg8jhryteex7lu0l7s5xfxeq5hh9wxmsrh9uz9,/osmosis.gamm.v1beta1.MsgExitPool,498,ibc/27394FB092D2ECCD56123C74F36E4C1F926001CEADA9CA97EA622B25F41E5EB2,15730584,35,ibc/46B44899322F3CD854D2D46DEEF881958467CDD4B3B10086DA49296BBED94BED,38695697,86,2.2106881467210896e-06
4710508,osmo1329g2g4p78y2r3629nw8yk7xfp7hj79a948wsk,/osmosis.gamm.v1beta1.MsgExitPool,497,ibc/46B44899322F3CD854D2D46DEEF881958467CDD4B3B10086DA49296BBED94BED,3447370,462,uosmo,11003380,1473,0.0001337890358035512
4710525,osmo1577mlcp0lzk79hv2j7a2feq88a60h89gyuazaw,/osmosis.gamm.v1beta1.MsgExitPool,601,ibc/EA3E1640F9B1532AB129A571203A0B9F789A7F14BB66E350DCBFA18E1A1931F0,5171214,1064,uosmo,1525387,314,0.00020568028847507547
4710527,osmo1vrf0qnptqulw7z9w3z58jec2a4ttyrzftzwtu9,/osmosis.gamm.v1beta1.MsgExitPool,497,ibc/46B44899322F3CD854D2D46DEEF881958467CDD4B3B10086DA49296BBED94BED,26758653,3581,uosmo,85408846,11427,0.0001337890358035512
4710528,osmo17c639ncyzt966szuc5y5k06ud9vfnkxm2kvg62,/osmosis.gamm.v1beta1.MsgExitPool,497,ibc/46B44899322F3CD854D2D46DEEF881958467CDD4B3B10086DA49296BBED94BED,193492324,25888,uosmo,617593259,82628,0.0001337890358035512
4710534,osmo17c639ncyzt966szuc5y5k06ud9vfnkxm2kvg62,/osmosis.gamm.v1beta1.MsgExitPool,605,ibc/B9E0A1A524E98BB407D3CED8720EFEFD186002F90C1B1B7964811DD0CCC12228,30951868613,1833678,uosmo,1265679,75,5.924286952590288e-05
4710540,osmo17c639ncyzt966szuc5y5k06ud9vfnkxm2kvg62,/osmosis.gamm.v1beta1.MsgExitPool,629,ibc/8318FD63C42203D16DDCAF49FE10E8590669B3219A3E87676AC9DA50722687FB,482713046185589879815,75432341743582288,uosmo,3963300,620,0.00015626746022228004
4710541,osmo1rgh58aew3sy0hqgfc2wkahk2s66cpud88q50fl,/osmosis.gamm.v1beta1.MsgExitPool,497,ibc/46B44899322F3CD854D2D46DEEF881958467CDD4B3B10086DA49296BBED94BED,34883911,4668,uosmo,111345090,14897,0.0001337890358035512
4710546,osmo17c639ncyzt966szuc5y5k06ud9vfnkxm2kvg62,/osmosis.gamm.v1beta1.MsgExitPool,631,ibc/297C64CC42B5A8D8F82FE2EBE208A6FE8F94B86037FA28C4529A23701C228F7A,79386,76,uosmo,1064198,1015,0.0009535671865976544
4710547,osmo1rgh58aew3sy0hqgfc2wkahk2s66cpud88q50fl,/osmosis.gamm.v1beta1.MsgExitPool,604,ibc/987C17B11ABC2B20019178ACE62929FE9840202CE79498E29FE8E5CB02B7C0A4,3721591992,252623,uosmo,105105251,7135,6.788019893031454e-05
4710572,osmo1ah8a8pkver7nhhyqpr8xkycdw5tnnu402n8sac,/osmosis.gamm.v1beta1.MsgExitPool,678,ibc/D189335C6E4A68B513C10AB227BF1C1D38C746766278BA3EEB4FB14124F1D858,22896843,2459,uosmo,19517542,2097,0.0001073926871972906
4710576,osmo1ah8a8pkver7nhhyqpr8xkycdw5tnnu402n8sac,/osmosis.gamm.v1beta1.MsgExitPool,678,ibc/D189335C6E4A68B513C10AB227BF1C1D38C746766278BA3EEB4FB14124F1D858,22896719,2459,uosmo,19517647,2097,0.0001073926871972906
4710601,osmo1grlzew508av793wwec4gnzvel5l7we3tnt0gw3,/osmosis.gamm.v1beta1.MsgExitPool,1,ibc/27394FB092D2ECCD56123C74F36E4C1F926001CEADA9CA97EA622B25F41E5EB2,17191192,902,uosmo,135602043,7113,5.245134992257019e-05
4710603,osmo14pwe87zgx7geymn3kdj5hgr3mnw8yf8d8n80vs,/osmosis.gamm.v1beta1.MsgExitPool,631,ibc/297C64CC42B5A8D8F82FE2EBE208A6FE8F94B86037FA28C4529A23701C228F7A,4828878,4605,uosmo,64958567,61943,0.0009535671865976544
4710613,osmo1jcc2uk743n3z6p9q2qf0ap77gfn8zfu8cztpu3,/osmosis.gamm.v1beta1.MsgExitPool,690,ibc/CBA34207E969623D95D057D9B11B0C8B32B89A71F170577D982FDDE623813FFC,40321550,1100920,uosmo,3433709,93753,0.02730349604284017
4710632,osmo1vesuj4a0f7zfyngnq9pqjqta3gy9r5j45yz5rs,/osmosis.gamm.v1beta1.MsgExitPool,1,ibc/27394FB092D2ECCD56123C74F36E4C1F926001CEADA9CA97EA622B25F41E5EB2,66473465,3513,uosmo,524358984,27705,5.2834645156983876e-05
4710636,osmo1vesuj4a0f7zfyngnq9pqjqta3gy9r5j45yz5rs,/osmosis.gamm.v1beta1.MsgExitPool,560,ibc/BE1BB42D4BE3C30D50B68D7C41DB4DFCE9678E8EF8C539F6E6A9345048894FCC,1985693787,1734,uosmo,15626275,14,8.728450769058729e-07
4710637,osmo1xzllmxl5hl7fpsle777tm7kn9kap9y609j428g,/osmosis.gamm.v1beta1.MsgExitPool,678,ibc/D189335C6E4A68B513C10AB227BF1C1D38C746766278BA3EEB4FB14124F1D858,363786161,39068,uosmo,310207822,33315,0.0001073926871972906
4710671,osmo1wcmq5uc676lzleph9j68vwc28u33plw5grs69l,/osmosis.gamm.v1beta1.MsgExitPool,560,ibc/BE1BB42D4BE3C30D50B68D7C41DB4DFCE9678E8EF8C539F6E6A9345048894FCC,17186739350,15002,uosmo,135288722,119,8.728450769058729e-07
4710681,osmo1wcmq5uc676lzleph9j68vwc28u33plw5grs69l,/osmosis.gamm.v1beta1.MsgExitPool,604,ibc/987C17B11ABC2B20019178ACE62929FE9840202CE79498E29FE8E5CB02B7C0A4,6286394792,426827,uosmo,177500321,12052,6.789691903980464e-05
4710687,osmo1wcmq5uc676lzleph9j68vwc28u33plw5grs69l,/osmosis.gamm.v1beta1.MsgExitPool,627,ibc/9BBA9A1C257E971E38C1422780CE6F0B0686F0A3085E2D61118D904BFE0F5F5E,84566068,1,uosmo,36419332,1,8.011693929950363e-09
4710714,osmo1cxyl02m4r5jqs78qjagpujqqvx5ykflfvyqz5r,/osmosis.gamm.v1beta1.MsgExitPool,497,ibc/46B44899322F3CD854D2D46DEEF881958467CDD4B3B10086DA49296BBED94BED,48506964,6546,uosmo,157008522,21188,0.00013494541696505645
4710726,osmo1kvh8vw857jkj7quzauq7a87g2gst4h9dccyql7,/osmosis.gamm.v1beta1.MsgExitPool,690,ibc/CBA34207E969623D95D057D9B11B0C8B32B89A71F170577D982FDDE623813FFC,81365607,2225313,uosmo,6924319,189377,0.027349543524444134
4710728,osmo1rjn0rnxjhd7hvacvwk8gu65sgwfnph7sl28ptv,/osmosis.gamm.v1beta1.MsgExitPool,1,ibc/27394FB092D2ECCD56123C74F36E4C1F926001CEADA9CA97EA622B25F41E5EB2,357440266,19497,uosmo,2815651338,153583,5.454595129421812e-05
4710817,osmo1w83rmdhrqudkj5qgs0c8lea6ypacp55360j77e,/osmosis.gamm.v1beta1.MsgExitPool,498,ibc/27394FB092D2ECCD56123C74F36E4C1F926001CEADA9CA97EA622B25F41E5EB2,6083090,14,ibc/46B44899322F3CD854D2D46DEEF881958467CDD4B3B10086DA49296BBED94BED,14836670,33,2.2106881467210896e-06
4710874,osmo1fkhgf745spwsjxt3j3vd59pwhrt3cank30e3l9,/osmosis.gamm.v1beta1.MsgExitPool,704,ibc/EA1D43981D5C9A1C4AAEA9C23BB1D4FA126BA9BC7020A25E0AE4AA841EA25DC5,140287656367244971,146550628911801,uosmo,219909032,229727,0.0010446437891025878
4710966,osmo1wu2rp75wqnh82wu3peh9ftqv36e030vj8lfq9d,/osmosis.gamm.v1beta1.MsgExitPool,9,ibc/E6931F78057F7CC5DA0FD6CEF82FF39373A6E0452BF1FD76910B93292CF356C1,960126009,732366,uosmo,1457376,1112,0.0007627804503430839
4710966,osmo1u4ejhe4ak6gdx3ecl24vslc79wyu9zw98jqdf5,/osmosis.gamm.v1beta1.MsgExitPool,641,ibc/67795E528DF67C5606FC20F824EA39A6EF55BA133F4DC79C90A8C47A0901E17C,317510708,195407,uosmo,8261276,5085,0.0006154322374957469
4710971,osmo1u4ejhe4ak6gdx3ecl24vslc79wyu9zw98jqdf5,/osmosis.gamm.v1beta1.MsgExitPool,560,ibc/BE1BB42D4BE3C30D50B68D7C41DB4DFCE9678E8EF8C539F6E6A9345048894FCC,861837278,753,uosmo,6769459,6,8.728450769058729e-07
4710995,osmo1ayr66pd4strevwduwc4dprdzn4dr4a6g6huylq,/osmosis.gamm.v1beta1.MsgExitPool,690,ibc/CBA34207E969623D95D057D9B11B0C8B32B89A71F170577D982FDDE623813FFC,454638,12435,uosmo,38713,1059,0.027349543524444134
4711060,osmo19lzth5nagypjt879rf2spz3canv390ytzs98z7,/osmosis.gamm.v1beta1.MsgExitPool,560,ibc/BE1BB42D4BE3C30D50B68D7C41DB4DFCE9678E8EF8C539F6E6A9345048894FCC,19499500278,17021,uosmo,152439538,134,8.728450769058729e-07
4711061,osmo1l33nmyxr5tkwc6hmp259zgk5c58j2zyjj8xn73,/osmosis.gamm.v1beta1.MsgExitPool,678,ibc/D189335C6E4A68B513C10AB227BF1C1D38C746766278BA3EEB4FB14124F1D858,236157540,26118,uosmo,201770806,22315,0.00011059246321316614
4711080,osmo1dnc4p8lt26nsm0ff57gr74mxlmkh4w5thkkaf5,/osmosis.gamm.v1beta1.MsgExitPool,674,ibc/0CD3A0285E1341859B5E86B6AB7682F023D03E97607CCC1DC95706411D866DF7,17701589508109061343,5993805102993922,uosmo,15097134,5112,0.0003386026492280917
4711087,osmo1ea6yv55jzerkeqqz9c36t6wyklh8qpqs0da0n6,/osmosis.gamm.v1beta1.MsgExitPool,712,ibc/D1542AA8762DB13087D8364F3EA6509FD6F009A34F00426AF9E4F9FA85CBBF1F,40880,721,uosmo,10838536,191032,0.01762524051678997
4711151,osmo1m4v7zwadpadahzqfszz3kflg55f7ap2l6sz3e6,/osmosis.gamm.v1beta1.MsgExitPool,482,ibc/27394FB092D2ECCD56123C74F36E4C1F926001CEADA9CA97EA622B25F41E5EB2,72303585,30542,ibc/5973C068568365FFF40DEDCF1A1CB7582B6116B731CD31A12231AE25E20B871F,662915083,280018,0.00042240273940068965
4711167,osmo1v5gwad9wxv6vpvj4048x9r6awgmakw2ch4jx50,/osmosis.gamm.v1beta1.MsgExitPool,1,ibc/27394FB092D2ECCD56123C74F36E4C1F926001CEADA9CA97EA622B25F41E5EB2,89911432,5235,uosmo,712316671,41474,5.822326369109232e-05
4711344,osmo1kc3w9t405yz26s968sks9ny3l4rlke4kksav5h,/osmosis.gamm.v1beta1.MsgExitPool,498,ibc/27394FB092D2ECCD56123C74F36E4C1F926001CEADA9CA97EA622B25F41E5EB2,2160881,6,ibc/46B44899322F3CD854D2D46DEEF881958467CDD4B3B10086DA49296BBED94BED,5299462,13,2.364305878744137e-06
4711389,osmo1m4lknc9fmeduypt78fj7adyseauxz2qwyzuder,/osmosis.gamm.v1beta1.MsgExitPool,560,ibc/BE1BB42D4BE3C30D50B68D7C41DB4DFCE9678E8EF8C539F6E6A9345048894FCC,98854128,87,uosmo,772389,1,8.728450769058729e-07
4711409,osmo1hdqytyujf0fshlapudv7j6fp4ewtge6ckvczjm,/osmosis.gamm.v1beta1.MsgExitPool,497,ibc/46B44899322F3CD854D2D46DEEF881958467CDD4B3B10086DA49296BBED94BED,77580630,10503,uosmo,250730173,33944,0.00013537901871111765
4711413,osmo1hdqytyujf0fshlapudv7j6fp4ewtge6ckvczjm,/osmosis.gamm.v1beta1.MsgExitPool,625,ibc/E97634A40119F1898989C2A23224ED83FDD0A57EA46B3A094E287288D1672B44,2008378615,468607,uosmo,21793774,5086,0.00023332597205260425
4711450,osmo1vemmttg4c0lsqwsdhrjc24ktaahfnh9h0ckjs4,/osmosis.gamm.v1beta1.MsgExitPool,498,ibc/27394FB092D2ECCD56123C74F36E4C1F926001CEADA9CA97EA622B25F41E5EB2,5479078,13,ibc/46B44899322F3CD854D2D46DEEF881958467CDD4B3B10086DA49296BBED94BED,13428006,32,2.364305878744137e-06
4711547,osmo1v4eun5x95rnsa70wz6m3lhyrwz4y49jf0stpev,/osmosis.gamm.v1beta1.MsgExitPool,631,ibc/297C64CC42B5A8D8F82FE2EBE208A6FE8F94B86037FA28C4529A23701C228F7A,87225,86,uosmo,1204124,1175,0.0009754394543285109
4711559,osmo1hykm6nc7mkz6kn8j0sfkkjgcjgn8mytk4xaa0k,/osmosis.gamm.v1beta1.MsgExitPool,481,ibc/5973C068568365FFF40DEDCF1A1CB7582B6116B731CD31A12231AE25E20B871F,89593180,230,uosmo,77954129,200,2.5595217102959126e-06
4711560,osmo13f0eg9yxkckz45fw0dsaxzejpldld6vpmmp7j7,/osmosis.gamm.v1beta1.MsgExitPool,1,ibc/27394FB092D2ECCD56123C74F36E4C1F926001CEADA9CA97EA622B25F41E5EB2,5616434,355,uosmo,44334274,2798,6.310069730452646e-05
4711562,osmo1wfyaqhxsczc4mlgk54trxznmqkld09p79phzqn,/osmosis.gamm.v1beta1.MsgExitPool,574,ibc/27394FB092D2ECCD56123C74F36E4C1F926001CEADA9CA97EA622B25F41E5EB2,3580725,1,ibc/4E5444C35610CC76FC94E7F7886B93121175C28262DDFDDE6F84E82BF2425452,1943496775,147,7.539798361868172e-08
4711569,osmo13f0eg9yxkckz45fw0dsaxzejpldld6vpmmp7j7,/osmosis.gamm.v1beta1.MsgExitPool,9,ibc/E6931F78057F7CC5DA0FD6CEF82FF39373A6E0452BF1FD76910B93292CF356C1,226925183456,173094094,uosmo,346499902,264304,0.0007627804503430839
4711569,osmo1wfyaqhxsczc4mlgk54trxznmqkld09p79phzqn,/osmosis.gamm.v1beta1.MsgExitPool,574,ibc/27394FB092D2ECCD56123C74F36E4C1F926001CEADA9CA97EA622B25F41E5EB2,1790362,1,ibc/4E5444C35610CC76FC94E7F7886B93121175C28262DDFDDE6F84E82BF2425452,971748387,74,7.539798361868172e-08
4711575,osmo1wfyaqhxsczc4mlgk54trxznmqkld09p79phzqn,/osmosis.gamm.v1beta1.MsgExitPool,600,ibc/27394FB092D2ECCD56123C74F36E4C1F926001CEADA9CA97EA622B25F41E5EB2,26711836,1199,ibc/EA3E1640F9B1532AB129A571203A0B9F789A7F14BB66E350DCBFA18E1A1931F0,713566495,32014,4.486369884505785e-05
4711579,osmo13f0eg9yxkckz45fw0dsaxzejpldld6vpmmp7j7,/osmosis.gamm.v1beta1.MsgExitPool,584,ibc/0954E1C28EB7AF5B72D24F3BC2B47BBB2FDF91BDDFD57B74B99E133AED40972A,104119793,3582,uosmo,116498376,4008,3.440197080007147e-05
4711580,osmo1wfyaqhxsczc4mlgk54trxznmqkld09p79phzqn,/osmosis.gamm.v1beta1.MsgExitPool,606,ibc/27394FB092D2ECCD56123C74F36E4C1F926001CEADA9CA97EA622B25F41E5EB2,1369754,41,ibc/B9E0A1A524E98BB407D3CED8720EFEFD186002F90C1B1B7964811DD0CCC12228,263978971856,7741933,2.932783703510334e-05
4711586,osmo1wfyaqhxsczc4mlgk54trxznmqkld09p79phzqn,/osmosis.gamm.v1beta1.MsgExitPool,648,ibc/8061A06D3BD4D52C4A28FFECF7150D370393AF0BA661C3776C54FF32836C3961,89315839832433563921,73097094701074464,uosmo,16600550,13587,0.0008184113236600892
4711586,osmo13f0eg9yxkckz45fw0dsaxzejpldld6vpmmp7j7,/osmosis.gamm.v1beta1.MsgExitPool,1,ibc/27394FB092D2ECCD56123C74F36E4C1F926001CEADA9CA97EA622B25F41E5EB2,5616323,355,uosmo,44335161,2798,6.310069730452646e-05
4711590,osmo1wfyaqhxsczc4mlgk54trxznmqkld09p79phzqn,/osmosis.gamm.v1beta1.MsgExitPool,585,ibc/0954E1C28EB7AF5B72D24F3BC2B47BBB2FDF91BDDFD57B74B99E133AED40972A,139899181,1105,ibc/27394FB092D2ECCD56123C74F36E4C1F926001CEADA9CA97EA622B25F41E5EB2,19798393,157,7.897434962297534e-06
4711593,osmo13f0eg9yxkckz45fw0dsaxzejpldld6vpmmp7j7,/osmosis.gamm.v1beta1.MsgExitPool,15,ibc/A0CC0CF735BFB30E730C70019D4218A1244FF383503FF7579C9201AB93CA9293,52833847,2153,uosmo,62645247,2553,4.07374415225235e-05
4711624,osmo19pa99uc974p5055sqezy2uk3prstwvrpu92upg,/osmosis.gamm.v1beta1.MsgExitPool,560,ibc/BE1BB42D4BE3C30D50B68D7C41DB4DFCE9678E8EF8C539F6E6A9345048894FCC,6483159216,5659,uosmo,50584467,45,8.728450769058729e-07
4711702,osmo1t4p2cm5pxy0d7cjvlktxtgmntf8wyfu3sfyp5v,/osmosis.gamm.v1beta1.MsgExitPool,1,ibc/27394FB092D2ECCD56123C74F36E4C1F926001CEADA9CA97EA622B25F41E5EB2,64945,5,uosmo,512928,33,6.412396766965247e-05
4711728,osmo1pm20hdsf455uuxkqsyml8x630lte7jhew4uvct,/osmosis.gamm.v1beta1.MsgExitPool,690,ibc/CBA34207E969623D95D057D9B11B0C8B32B89A71F170577D982FDDE623813FFC,32016632,876065,uosmo,2698246,73832,0.02736278709846059
4711738,osmo1yh0zg7uy6sadnnh3357p87azgve72x4djsj9f4,/osmosis.gamm.v1beta1.MsgExitPool,597,ibc/FE2CD1E6828EC0FAB8AF39BAC45BC25B965BA67CCBC50C13A14BD610B0D1E2C4,567893,31,uosmo,11321,1,5.31797839400017e-05
4711765,osmo1vdheth60w3xcd3pdn9pcnqp6sutg49yud20uvq,/osmosis.gamm.v1beta1.MsgExitPool,560,ibc/BE1BB42D4BE3C30D50B68D7C41DB4DFCE9678E8EF8C539F6E6A9345048894FCC,558367654,488,uosmo,4361403,4,8.728450769058729e-07
4711785,osmo15z2r3y9e75gzjpad3tj66y6vngxqz5zpl0ar8q,/osmosis.gamm.v1beta1.MsgExitPool,606,ibc/27394FB092D2ECCD56123C74F36E4C1F926001CEADA9CA97EA622B25F41E5EB2,3562214,105,ibc/B9E0A1A524E98BB407D3CED8720EFEFD186002F90C1B1B7964811DD0CCC12228,686549738771,20135019,2.932783703510334e-05
4711803,osmo1fgsjcrrrpp260h72402nz6n46wt5kv5kj4v0hf,/osmosis.gamm.v1beta1.MsgExitPool,560,ibc/BE1BB42D4BE3C30D50B68D7C41DB4DFCE9678E8EF8C539F6E6A9345048894FCC,238160362,208,uosmo,1862030,2,8.728450769058729e-07
4711824,osmo1hrlrcz4etjdftqrx2ramrxldrf5gpg9nqjd0ur,/osmosis.gamm.v1beta1.MsgExitPool,10,ibc/27394FB092D2ECCD56123C74F36E4C1F926001CEADA9CA97EA622B25F41E5EB2,1202035,1,ibc/E6931F78057F7CC5DA0FD6CEF82FF39373A6E0452BF1FD76910B93292CF356C1,6235558876,408,6.539555031697474e-08
4711831,osmo1qz02x57fyjdzs5emzx4mvvgx8vpgv7ft9apak4,/osmosis.gamm.v1beta1.MsgExitPool,678,ibc/D189335C6E4A68B513C10AB227BF1C1D38C746766278BA3EEB4FB14124F1D858,414573744,71750,uosmo,354262914,61312,0.0001730688928829168
4711835,osmo1qz02x57fyjdzs5emzx4mvvgx8vpgv7ft9apak4,/osmosis.gamm.v1beta1.MsgExitPool,674,ibc/0CD3A0285E1341859B5E86B6AB7682F023D03E97607CCC1DC95706411D866DF7,490914445095531003693,168581658130527200,uosmo,419285308,143984,0.0003434033359880489
4711847,osmo1lqxwdzlxvvh700sxagcm5flw2tpmp890s76lsj,/osmosis.gamm.v1beta1.MsgExitPool,481,ibc/5973C068568365FFF40DEDCF1A1CB7582B6116B731CD31A12231AE25E20B871F,62181590,160,uosmo,53970995,139,2.5595217102959126e-06
4711870,osmo13shd9qcuycllwwfplzy5sagvjw3dn5vkchma9h,/osmosis.gamm.v1beta1.MsgExitPool,611,ibc/27394FB092D2ECCD56123C74F36E4C1F926001CEADA9CA97EA622B25F41E5EB2,34862830,2337,ibc/987C17B11ABC2B20019178ACE62929FE9840202CE79498E29FE8E5CB02B7C0A4,9750266064,653455,6.701914938424342e-05
4711883,osmo1dmkgxmm6290z59w657uasr2pmecmwzn32tv8gu,/osmosis.gamm.v1beta1.MsgExitPool,1,ibc/27394FB092D2ECCD56123C74F36E4C1F926001CEADA9CA97EA622B25F41E5EB2,3178,1,uosmo,25108,2,7.136018675659857e-05
4711894,osmo1m2wjpcc9lvspndvuwnk3d9zml9s76v7vd679qz,/osmosis.gamm.v1beta1.MsgExitPool,712,ibc/D1542AA8762DB13087D8364F3EA6509FD6F009A34F00426AF9E4F9FA85CBBF1F,165622,2930,uosmo,44119665,780376,0.017687711140566553
4711937,osmo1yuycef80txefx4fu4gc7kwzvql0ckuyhy2zrf3,/osmosis.gamm.v1beta1.MsgExitPool,498,ibc/27394FB092D2ECCD56123C74F36E4C1F926001CEADA9CA97EA622B25F41E5EB2,18930463,45,ibc/46B44899322F3CD854D2D46DEEF881958467CDD4B3B10086DA49296BBED94BED,46219908,110,2.364305878744137e-06
4711958,osmo143umh8dt7nyvd7z4dhyehzpmm7c82rpcy7969z,/osmosis.gamm.v1beta1.MsgExitPool,560,ibc/BE1BB42D4BE3C30D50B68D7C41DB4DFCE9678E8EF8C539F6E6A9345048894FCC,1358502973,1186,uosmo,10616693,10,8.728450769058729e-07
4711959,osmo18ve637mup6d3z80qxf0n3d27rvedyxffn04qjq,/osmosis.gamm.v1beta1.MsgExitPool,629,ibc/8318FD63C42203D16DDCAF49FE10E8590669B3219A3E87676AC9DA50722687FB,1125846965360879676572,278998969129104032,uosmo,9484467,2351,0.00024781251601071157
4711959,osmo1y8wgseujtad9q30qslztj7ue75pq8a8ky5ec83,/osmosis.gamm.v1beta1.MsgExitPool,560,ibc/BE1BB42D4BE3C30D50B68D7C41DB4DFCE9678E8EF8C539F6E6A9345048894FCC,1069475015,934,uosmo,8357941,8,8.728450769058729e-07
4711972,osmo134ea3yazv5rfr7ydtdq5czxw0sl4aa2ufrgwyf,/osmosis.gamm.v1beta1.MsgExitPool,629,ibc/8318FD63C42203D16DDCAF49FE10E8590669B3219A3E87676AC9DA50722687FB,5236531287265393961203,1297677993466047488,uosmo,44114096,10933,0.00024781251601071157
4711986,osmo1wh0ch7eefffw9p8v6ct39esn9cc9vaew9evj4n,/osmosis.gamm.v1beta1.MsgExitPool,1,ibc/27394FB092D2ECCD56123C74F36E4C1F926001CEADA9CA97EA622B25F41E5EB2,999017,73,uosmo,7892241,571,7.22627210236574e-05
4712010,osmo1c7c8un9v8th406gv6x40nna45pc3gn40gr0dre,/osmosis.gamm.v1beta1.MsgExitPool,669,ibc/6BDB4C8CCD45033F9604E4B93ED395008A753E01EECD6992E7D1EA23D9D3B788,112488178,55378,uosmo,7468842,3677,0.0004922988134645268
4712021,osmo1v8h2dtx2n525h75fueljyk6qu2q79ktmck37a0,/osmosis.gamm.v1beta1.MsgExitPool,560,ibc/BE1BB42D4BE3C30D50B68D7C41DB4DFCE9678E8EF8C539F6E6A9345048894FCC,567672871,496,uosmo,4421725,4,8.728450769058729e-07
4712024,osmo16vrdu9dkrcvmanl2tpgx0uaqzc5gu6y3x96tru,/osmosis.gamm.v1beta1.MsgExitPool,1,ibc/27394FB092D2ECCD56123C74F36E4C1F926001CEADA9CA97EA622B25F41E5EB2,2150125,158,uosmo,16984833,1241,7.302015388777576e-05
4712039,osmo15ez8twgazsgytavyyffzrwafujng0yczvsmedk,/osmosis.gamm.v1beta1.MsgExitPool,1,ibc/27394FB092D2ECCD56123C74F36E4C1F926001CEADA9CA97EA622B25F41E5EB2,1074875,79,uosmo,8490878,621,7.302015388777576e-05
4712043,osmo15ez8twgazsgytavyyffzrwafujng0yczvsmedk,/osmosis.gamm.v1beta1.MsgExitPool,1,ibc/27394FB092D2ECCD56123C74F36E4C1F926001CEADA9CA97EA622B25F41E5EB2,1074874,79,uosmo,8490881,621,7.302015388777576e-05
4712048,osmo15ez8twgazsgytavyyffzrwafujng0yczvsmedk,/osmosis.gamm.v1beta1.MsgExitPool,585,ibc/0954E1C28EB7AF5B72D24F3BC2B47BBB2FDF91BDDFD57B74B99E133AED40972A,56848827,1758,ibc/27394FB092D2ECCD56123C74F36E4C1F926001CEADA9CA97EA622B25F41E5EB2,8048867,249,3.091714491236759e-05
4712058,osmo192n69zgxvue8kjmqa5zaa5rdkysfkzwqluyre2,/osmosis.gamm.v1beta1.MsgExitPool,704,ibc/EA1D43981D5C9A1C4AAEA9C23BB1D4FA126BA9BC7020A25E0AE4AA841EA25DC5,3253825600798209247,3541080288861498,uosmo,5048458701,5494148,0.0010882821402575541
4712065,osmo1yhargpw9m83g539dkxt47d54u4pcfdkd45fzwu,/osmosis.gamm.v1beta1.MsgExitPool,1,ibc/27394FB092D2ECCD56123C74F36E4C1F926001CEADA9CA97EA622B25F41E5EB2,2124948,156,uosmo,16779795,1226,7.302015388777576e-05
4712076,osmo1rncs8nl5hn5dxsclqapugt07saapxst8uspg56,/osmosis.gamm.v1beta1.MsgExitPool,1,ibc/27394FB092D2ECCD56123C74F36E4C1F926001CEADA9CA97EA622B25F41E5EB2,2124912,157,uosmo,16777343,1236,7.362761959252227e-05
4712079,osmo1wzxl30tcjcn5783jp2vce6e52cv4ry0zp3fzyz,/osmosis.gamm.v1beta1.MsgExitPool,573,ibc/4E5444C35610CC76FC94E7F7886B93121175C28262DDFDDE6F84E82BF2425452,284933141,7220,uosmo,4140917,105,2.5338937027968086e-05
4712085,osmo1kd8jmvgr38v88se9tv3845z4s0xrx53p5vmr0l,/osmosis.gamm.v1beta1.MsgExitPool,1,ibc/27394FB092D2ECCD56123C74F36E4C1F926001CEADA9CA97EA622B25F41E5EB2,2117526,156,uosmo,16709313,1231,7.362761959252227e-05
4712096,osmo1ygph68pmxwupwjpddhmav33qnrmvze4sfqk2aq,/osmosis.gamm.v1beta1.MsgExitPool,1,ibc/27394FB092D2ECCD56123C74F36E4C1F926001CEADA9CA97EA622B25F41E5EB2,2526391,187,uosmo,19931124,1468,7.362761959252227e-05
4712102,osmo1wkr4f2w6dyv7u608a8zecdvuj39h266py9nsvn,/osmosis.gamm.v1beta1.MsgExitPool,1,ibc/27394FB092D2ECCD56123C74F36E4C1F926001CEADA9CA97EA622B25F41E5EB2,2112900,156,uosmo,16665253,1228,7.362761959252227e-05
4712164,osmo10nd7malh7x22gjat32cl2qqdc82jk9m0h25kpz,/osmosis.gamm.v1beta1.MsgExitPool,560,ibc/BE1BB42D4BE3C30D50B68D7C41DB4DFCE9678E8EF8C539F6E6A9345048894FCC,1640609367,1432,uosmo,12784890,12,8.728450769058729e-07
4712185,osmo1k3zhx2vn7s24wnf2456frnc7wcrjnw7wtta6y0,/osmosis.gamm.v1beta1.MsgExitPool,704,ibc/EA1D43981D5C9A1C4AAEA9C23BB1D4FA126BA9BC7020A25E0AE4AA841EA25DC5,18929209920097293,21509494970574,uosmo,29417331,33428,0.0011363123480254975
4712222,osmo1kwsx8mwpp8r580xdxv26u6rqtz8kgtgrgcfgaf,/osmosis.gamm.v1beta1.MsgExitPool,604,ibc/987C17B11ABC2B20019178ACE62929FE9840202CE79498E29FE8E5CB02B7C0A4,277753111,21100,uosmo,7856974,597,7.596413928606835e-05
4712228,osmo1r9yetwqdfqcrky4yd07rwrkhumkphdqzywvp0e,/osmosis.gamm.v1beta1.MsgExitPool,497,ibc/46B44899322F3CD854D2D46DEEF881958467CDD4B3B10086DA49296BBED94BED,52630991,7657,uosmo,169903009,24717,0.00014547287346343413
4712236,osmo1ucnayk6wfhhhuy4n392av40sj8getfvq9ssp3h,/osmosis.gamm.v1beta1.MsgExitPool,678,ibc/D189335C6E4A68B513C10AB227BF1C1D38C746766278BA3EEB4FB14124F1D858,17381955,3249,uosmo,14956330,2796,0.00018691197467413556
4712265,osmo1qx46s5gen6c88yaauh9jfttmfgdxnxxsckx0ce,/osmosis.gamm.v1beta1.MsgExitPool,1,ibc/27394FB092D2ECCD56123C74F36E4C1F926001CEADA9CA97EA622B25F41E5EB2,1701913,127,uosmo,13507979,1002,7.41477096660528e-05
4712271,osmo1qx46s5gen6c88yaauh9jfttmfgdxnxxsckx0ce,/osmosis.gamm.v1beta1.MsgExitPool,604,ibc/987C17B11ABC2B20019178ACE62929FE9840202CE79498E29FE8E5CB02B7C0A4,413655269,31423,uosmo,11697610,889,7.596413928606835e-05
4712274,osmo1qx46s5gen6c88yaauh9jfttmfgdxnxxsckx0ce,/osmosis.gamm.v1beta1.MsgExitPool,611,ibc/27394FB092D2ECCD56123C74F36E4C1F926001CEADA9CA97EA622B25F41E5EB2,1852627,198,ibc/987C17B11ABC2B20019178ACE62929FE9840202CE79498E29FE8E5CB02B7C0A4,519122894,55472,0.00010685599667711317
4712277,osmo1qx46s5gen6c88yaauh9jfttmfgdxnxxsckx0ce,/osmosis.gamm.v1beta1.MsgExitPool,627,ibc/9BBA9A1C257E971E38C1422780CE6F0B0686F0A3085E2D61118D904BFE0F5F5E,20088515,1,uosmo,8649247,1,8.011693929950363e-09
4712280,osmo1qx46s5gen6c88yaauh9jfttmfgdxnxxsckx0ce,/osmosis.gamm.v1beta1.MsgExitPool,619,ibc/EA4C0A9F72E2CEDF10D0E7A9A6A22954DB3444910DB5BE980DF59B05A46DAD1C,184282458,4633,uosmo,3372804,85,2.5137278036412256e-05
4712284,osmo15nrqqp9gcyvhpqxzd73awz4ad2qmt3qky20896,/osmosis.gamm.v1beta1.MsgExitPool,560,ibc/BE1BB42D4BE3C30D50B68D7C41DB4DFCE9678E8EF8C539F6E6A9345048894FCC,276093907,241,uosmo,2151390,2,8.728450769058729e-07
4712297,osmo1qyt7gwfxp0eh7k5cvmhj8ud8stlxnx6gmxtqe9,/osmosis.gamm.v1beta1.MsgExitPool,704,ibc/EA1D43981D5C9A1C4AAEA9C23BB1D4FA126BA9BC7020A25E0AE4AA841EA25DC5,43728829269895679,274239561869090,uosmo,68208480,427761,0.006271367572556632
4712299,osmo1402fqvp93tk5lwysg26gxmqqvkfqkjnrqe92vu,/osmosis.gamm.v1beta1.MsgExitPool,560,ibc/BE1BB42D4BE3C30D50B68D7C41DB4DFCE9678E8EF8C539F6E6A9345048894FCC,9805862965,8559,uosmo,76437704,67,8.728450769058729e-07
4712345,osmo10g3hzsme335q8r2g3p4y3x7s2pv587fwmpmsk7,/osmosis.gamm.v1beta1.MsgExitPool,690,ibc/CBA34207E969623D95D057D9B11B0C8B32B89A71F170577D982FDDE623813FFC,45050603,1232721,uosmo,3790128,103710,0.027363016279044028
4712358,osmo1nmlt2tkcsp46m305euparp8z04w3cz2kscejvd,/osmosis.gamm.v1beta1.MsgExitPool,1,ibc/27394FB092D2ECCD56123C74F36E4C1F926001CEADA9CA97EA622B25F41E5EB2,2066770,154,uosmo,16439510,1219,7.41477096660528e-05
4712392,osmo1575dcet8r0pnz34f3c7dr97l2j8rl08vratfm6,/osmosis.gamm.v1beta1.MsgExitPool,690,ibc/CBA34207E969623D95D057D9B11B0C8B32B89A71F170577D982FDDE623813FFC,117443,3214,uosmo,9880,271,0.027363016279044028
4712419,osmo1ucnayk6wfhhhuy4n392av40sj8getfvq9ssp3h,/osmosis.gamm.v1beta1.MsgExitPool,678,ibc/D189335C6E4A68B513C10AB227BF1C1D38C746766278BA3EEB4FB14124F1D858,17214971,3386,uosmo,14800843,2911,0.00019663251620495093
4712424,osmo1ucnayk6wfhhhuy4n392av40sj8getfvq9ssp3h,/osmosis.gamm.v1beta1.MsgExitPool,678,ibc/D189335C6E4A68B513C10AB227BF1C1D38C746766278BA3EEB4FB14124F1D858,173825,35,uosmo,149557,30,0.00019663251620495093
4712486,osmo1c3xhz65yh5qj78rp5tprkckdga263wfl7mmgp7,/osmosis.gamm.v1beta1.MsgExitPool,560,ibc/BE1BB42D4BE3C30D50B68D7C41DB4DFCE9678E8EF8C539F6E6A9345048894FCC,1969729633,1720,uosmo,15349634,14,8.728450769058729e-07
4712498,osmo1c3xhz65yh5qj78rp5tprkckdga263wfl7mmgp7,/osmosis.gamm.v1beta1.MsgExitPool,574,ibc/27394FB092D2ECCD56123C74F36E4C1F926001CEADA9CA97EA622B25F41E5EB2,7896810,1,ibc/4E5444C35610CC76FC94E7F7886B93121175C28262DDFDDE6F84E82BF2425452,4318989871,326,7.539798361868172e-08
4712500,osmo1c3xhz65yh5qj78rp5tprkckdga263wfl7mmgp7,/osmosis.gamm.v1beta1.MsgExitPool,574,ibc/27394FB092D2ECCD56123C74F36E4C1F926001CEADA9CA97EA622B25F41E5EB2,2632270,1,ibc/4E5444C35610CC76FC94E7F7886B93121175C28262DDFDDE6F84E82BF2425452,1439663290,109,7.539798361868172e-08
4712543,osmo1g40gzgswcl7shzm8nr8k283ue07x9ut43xlnhy,/osmosis.gamm.v1beta1.MsgExitPool,1,ibc/27394FB092D2ECCD56123C74F36E4C1F926001CEADA9CA97EA622B25F41E5EB2,68067338,800348,uosmo,550861803,6477128,0.011758171307346939
4712598,osmo1q8v5vutp5x6jej33qfdjqd5xjmls65r93yzxw9,/osmosis.gamm.v1beta1.MsgExitPool,669,ibc/6BDB4C8CCD45033F9604E4B93ED395008A753E01EECD6992E7D1EA23D9D3B788,360693618,177570,uosmo,23943411,11788,0.0004922988134645268
4712621,osmo13v04eleavls6pudptc0lg7t3yte6fxn7tshdjv,/osmosis.gamm.v1beta1.MsgExitPool,1,ibc/27394FB092D2ECCD56123C74F36E4C1F926001CEADA9CA97EA622B25F41E5EB2,28287057,396083,uosmo,229708087,3216428,0.014002238864404631
4712699,osmo1ew4ezkyx96zwey29s37qpzsv9pg3fjnmr82xd6,/osmosis.gamm.v1beta1.MsgExitPool,560,ibc/BE1BB42D4BE3C30D50B68D7C41DB4DFCE9678E8EF8C539F6E6A9345048894FCC,756137601,660,uosmo,5842639,6,8.728450769058729e-07
4712702,osmo1ew4ezkyx96zwey29s37qpzsv9pg3fjnmr82xd6,/osmosis.gamm.v1beta1.MsgExitPool,560,ibc/BE1BB42D4BE3C30D50B68D7C41DB4DFCE9678E8EF8C539F6E6A9345048894FCC,756137601,660,uosmo,5842639,6,8.728450769058729e-07
4712735,osmo1ew4ezkyx96zwey29s37qpzsv9pg3fjnmr82xd6,/osmosis.gamm.v1beta1.MsgExitPool,1,ibc/27394FB092D2ECCD56123C74F36E4C1F926001CEADA9CA97EA622B25F41E5EB2,4396187,71884,uosmo,35895692,586939,0.016351235151554875
4712738,osmo127cz3qd25qefq2d3l8zdl9xqzatskjcq4n5eg2,/osmosis.gamm.v1beta1.MsgExitPool,3,ibc/1480B8FD20AD5FCAE81EA87584D269547DD4D436843C1D20F15E00EB64743EF4,163346,52,uosmo,49950,16,0.00031810721076609667
4712738,osmo1ew4ezkyx96zwey29s37qpzsv9pg3fjnmr82xd6,/osmosis.gamm.v1beta1.MsgExitPool,1,ibc/27394FB092D2ECCD56123C74F36E4C1F926001CEADA9CA97EA622B25F41E5EB2,4394223,73810,uosmo,35879654,602666,0.016796846454578903
4712745,osmo1za2zsg54554pvtpvxl0nz5uztnmhfncu5vtfrv,/osmosis.gamm.v1beta1.MsgExitPool,722,ibc/6AE98883D4D5D5FF9E50D7130F1305DA2FFA0C652D1DD9C123657C6B4EB2DF8A,11638433372069,57100421418,uosmo,18,1,0.004906194810906876
4712761,osmo1za2zsg54554pvtpvxl0nz5uztnmhfncu5vtfrv,/osmosis.gamm.v1beta1.MsgExitPool,722,ibc/6AE98883D4D5D5FF9E50D7130F1305DA2FFA0C652D1DD9C123657C6B4EB2DF8A,5521214801516,27088155410,uosmo,8,1,0.004906194810906876
4712771,osmo1pfpk6rsgc0x7g8q7y0yre86ej2enr8rhv3p8dq,/osmosis.gamm.v1beta1.MsgExitPool,1,ibc/27394FB092D2ECCD56123C74F36E4C1F926001CEADA9CA97EA622B25F41E5EB2,499128,9214,uosmo,4081143,75336,0.018459519109040635
4712771,osmo1za2zsg54554pvtpvxl0nz5uztnmhfncu5vtfrv,/osmosis.gamm.v1beta1.MsgExitPool,722,ibc/6AE98883D4D5D5FF9E50D7130F1305DA2FFA0C652D1DD9C123657C6B4EB2DF8A,2453703166286,12038345742,uosmo,3,1,0.004906194810906876
4712777,osmo1452urgytnkfkt2exn987ya04qy8rgm54wel7qp,/osmosis.gamm.v1beta1.MsgExitPool,604,ibc/987C17B11ABC2B20019178ACE62929FE9840202CE79498E29FE8E5CB02B7C0A4,4633567,355,uosmo,131936,11,7.642259769798906e-05
4712785,osmo1pfpk6rsgc0x7g8q7y0yre86ej2enr8rhv3p8dq,/osmosis.gamm.v1beta1.MsgExitPool,1,ibc/27394FB092D2ECCD56123C74F36E4C1F926001CEADA9CA97EA622B25F41E5EB2,998231,19173,uosmo,8174087,156995,0.01920641121706443
4712799,osmo1jl73mvf0zjv7rwg79s8ng9xdlql8c06mk8z4pd,/osmosis.gamm.v1beta1.MsgExitPool,497,ibc/46B44899322F3CD854D2D46DEEF881958467CDD4B3B10086DA49296BBED94BED,9343227,1364,uosmo,30636102,4473,0.00014598667966503367
4712803,osmo1lhxpf027r3cje4aa5zc3c29synvj2ldyllxf6s,/osmosis.gamm.v1beta1.MsgExitPool,722,ibc/6AE98883D4D5D5FF9E50D7130F1305DA2FFA0C652D1DD9C123657C6B4EB2DF8A,499551289037096515,2450895942055645,uosmo,813029,3989,0.004906194810906876
4712804,osmo1jl73mvf0zjv7rwg79s8ng9xdlql8c06mk8z4pd,/osmosis.gamm.v1beta1.MsgExitPool,497,ibc/46B44899322F3CD854D2D46DEEF881958467CDD4B3B10086DA49296BBED94BED,9343358,1365,uosmo,30635672,4473,0.00014598667966503367
4712819,osmo1lhxpf027r3cje4aa5zc3c29synvj2ldyllxf6s,/osmosis.gamm.v1beta1.MsgExitPool,722,ibc/6AE98883D4D5D5FF9E50D7130F1305DA2FFA0C652D1DD9C123657C6B4EB2DF8A,249592732817622879,1224550570589888,uosmo,406081,1993,0.004906194810906876
4712835,osmo1rrrlpgf7fnlcs2ehh6dyesgs5v6pxdur3ycm3n,/osmosis.gamm.v1beta1.MsgExitPool,678,ibc/D189335C6E4A68B513C10AB227BF1C1D38C746766278BA3EEB4FB14124F1D858,1258598935,356377,uosmo,1098552529,311060,0.00028315367987937666
4712837,osmo18w9zzcnmqtypc689gkewxg964vvxxa6l7dqxju,/osmosis.gamm.v1beta1.MsgExitPool,1,ibc/27394FB092D2ECCD56123C74F36E4C1F926001CEADA9CA97EA622B25F41E5EB2,2211831,45345,uosmo,18122480,371529,0.020500990689401456
4712839,osmo1tg70tuzekpd376dpqr68yx5a7r709w6x8jtxha,/osmosis.gamm.v1beta1.MsgExitPool,722,ibc/6AE98883D4D5D5FF9E50D7130F1305DA2FFA0C652D1DD9C123657C6B4EB2DF8A,359164628866092836,1766534826851827,uosmo,582889,2867,0.004918454337858648
4712847,osmo159n5q0sxvvgmty6q76kl286zv9hu5sajaqt9gq,/osmosis.gamm.v1beta1.MsgExitPool,560,ibc/BE1BB42D4BE3C30D50B68D7C41DB4DFCE9678E8EF8C539F6E6A9345048894FCC,9047509742,7898,uosmo,69865976,61,8.728450769058729e-07
4712852,osmo1pfpk6rsgc0x7g8q7y0yre86ej2enr8rhv3p8dq,/osmosis.gamm.v1beta1.MsgExitPool,722,ibc/6AE98883D4D5D5FF9E50D7130F1305DA2FFA0C652D1DD9C123657C6B4EB2DF8A,29972247282279046546,147417129660897472,uosmo,48604760,239061,0.004918454337858648
4712876,osmo1tmgt32leqlz2hvwjwzpj6dvgk3vtksyxx0tpxv,/osmosis.gamm.v1beta1.MsgExitPool,560,ibc/BE1BB42D4BE3C30D50B68D7C41DB4DFCE9678E8EF8C539F6E6A9345048894FCC,1107057655,967,uosmo,8547683,8,8.728450769058729e-07
4712877,osmo1rejv949h6k78u7fyeudv3lqgveqpfr0du2nwlq,/osmosis.gamm.v1beta1.MsgExitPool,482,ibc/27394FB092D2ECCD56123C74F36E4C1F926001CEADA9CA97EA622B25F41E5EB2,30122793,12724,ibc/5973C068568365FFF40DEDCF1A1CB7582B6116B731CD31A12231AE25E20B871F,277421444,117184,0.00042240273940068965
4712884,osmo1rejv949h6k78u7fyeudv3lqgveqpfr0du2nwlq,/osmosis.gamm.v1beta1.MsgExitPool,585,ibc/0954E1C28EB7AF5B72D24F3BC2B47BBB2FDF91BDDFD57B74B99E133AED40972A,23281641,720,ibc/27394FB092D2ECCD56123C74F36E4C1F926001CEADA9CA97EA622B25F41E5EB2,3262367,101,3.091714491236759e-05
4712930,osmo174wunrwwq7rfxq363lg62vxnv0h5lzaqg7q00g,/osmosis.gamm.v1beta1.MsgExitPool,498,ibc/27394FB092D2ECCD56123C74F36E4C1F926001CEADA9CA97EA622B25F41E5EB2,5165605,17,ibc/46B44899322F3CD854D2D46DEEF881958467CDD4B3B10086DA49296BBED94BED,12792719,42,3.236772944964734e-06
4712959,osmo1za2zsg54554pvtpvxl0nz5uztnmhfncu5vtfrv,/osmosis.gamm.v1beta1.MsgExitPool,722,ibc/6AE98883D4D5D5FF9E50D7130F1305DA2FFA0C652D1DD9C123657C6B4EB2DF8A,10408864613410,51195525311,uosmo,17,1,0.004918454337858648
4712978,osmo1za2zsg54554pvtpvxl0nz5uztnmhfncu5vtfrv,/osmosis.gamm.v1beta1.MsgExitPool,1,ibc/27394FB092D2ECCD56123C74F36E4C1F926001CEADA9CA97EA622B25F41E5EB2,2,1,uosmo,16,1,0.025371100920946237
4712983,osmo18xghup22yvqzagfes4elvxxaw7uq3spceez9td,/osmosis.gamm.v1beta1.MsgExitPool,1,ibc/27394FB092D2ECCD56123C74F36E4C1F926001CEADA9CA97EA622B25F41E5EB2,8172311,211403,uosmo,67200520,1738356,0.025868184235292014
4712984,osmo1c5txl47ea73x9g535lefzs8u6engjrss4tr60p,/osmosis.gamm.v1beta1.MsgExitPool,1,ibc/27394FB092D2ECCD56123C74F36E4C1F926001CEADA9CA97EA622B25F41E5EB2,60737,1572,uosmo,499442,12920,0.025868184235292014
4712986,osmo1cwux6ehfyg98zj7x3vgr7gz33l2kye3n42su5t,/osmosis.gamm.v1beta1.MsgExitPool,1,ibc/27394FB092D2ECCD56123C74F36E4C1F926001CEADA9CA97EA622B25F41E5EB2,6412,166,uosmo,52730,1365,0.025868231122696452
4712999,osmo1dce5fs9u963dxlpguk78a3c03etsvrd32ttsd5,/osmosis.gamm.v1beta1.MsgExitPool,1,ibc/27394FB092D2ECCD56123C74F36E4C1F926001CEADA9CA97EA622B25F41E5EB2,1457880,38805,uosmo,11986688,319050,0.02661694892987603
4713001,osmo1lhxpf027r3cje4aa5zc3c29synvj2ldyllxf6s,/osmosis.gamm.v1beta1.MsgExitPool,1,ibc/27394FB092D2ECCD56123C74F36E4C1F926001CEADA9CA97EA622B25F41E5EB2,294436,7838,uosmo,2453082,65294,0.02661705438948746
4713016,osmo1dce5fs9u963dxlpguk78a3c03etsvrd32ttsd5,/osmosis.gamm.v1beta1.MsgExitPool,1,ibc/27394FB092D2ECCD56123C74F36E4C1F926001CEADA9CA97EA622B25F41E5EB2,300006,7986,uosmo,2498933,66515,0.02661721252247345
4713029,osmo1uuvrglz3657fnc75rzn2adv22m4vfrv9c2dfqy,/osmosis.gamm.v1beta1.MsgExitPool,641,ibc/67795E528DF67C5606FC20F824EA39A6EF55BA133F4DC79C90A8C47A0901E17C,292372968,181908,uosmo,7940680,4941,0.0006221761781263327
4713048,osmo127cz3qd25qefq2d3l8zdl9xqzatskjcq4n5eg2,/osmosis.gamm.v1beta1.MsgExitPool,1,ibc/27394FB092D2ECCD56123C74F36E4C1F926001CEADA9CA97EA622B25F41E5EB2,11036,311,uosmo,92459,2603,0.028148631500833732
4713064,osmo1lhxpf027r3cje4aa5zc3c29synvj2ldyllxf6s,/osmosis.gamm.v1beta1.MsgExitPool,1,ibc/27394FB092D2ECCD56123C74F36E4C1F926001CEADA9CA97EA622B25F41E5EB2,4875861,144876,uosmo,41076556,1220500,0.029712789806575303
