block,sender,pool_id,msg_type,original_shares,share_adjustment,new_total_shares,was_exit_clean,sender_original_amount_1,sender_original_amount_2,pool_denom_1,pool_original_amount_1,pool_adjustment_amount_1,pool_denom_2,pool_original_amount_2,pool_adjustment_amount_2,adjustment_ratio
4707398,osmo1z98eg2ztdp2glyla62629nrlvczg8s7f8sgpm5,597,/osmosis.gamm.v1beta1.MsgExitPool,450376119303281667685299,47975961997691797504,450328143341283975887795,0,759419417,14979075,ibc/FE2CD1E6828EC0FAB8AF39BAC45BC25B965BA67CCBC50C13A14BD610B0D1E2C4,4759577096419,252968700,uosmo,93879695428,4989651,1.499493219555365
4708854,osmo1d8etkcl43lp9nhdsflmm9y3krl7dutwj2493rh,497,/osmosis.gamm.v1beta1.MsgExitPool,1401970067810732385198469,1513194961924783104,1401968554615770460415365,0,2167126,6863020,ibc/46B44899322F3CD854D2D46DEEF881958467CDD4B3B10086DA49296BBED94BED,1339317236546,721651,uosmo,4241221009400,2285377,1.4992475201324087
4709007,osmo10t26acjmemggsahq6uvyucm4tj3z0mhz23ljh2,712,/osmosis.gamm.v1beta1.MsgExitPool,592349594070667158070554,96734483776789987328,592252859586890368083226,0,3987524,1069998602,ibc/D1542AA8762DB13087D8364F3EA6509FD6F009A34F00426AF9E4F9FA85CBBF1F,16327090867,1327925,uosmo,4381167765796,356330794,1.4992950350061718
4709033,osmo10t26acjmemggsahq6uvyucm4tj3z0mhz23ljh2,712,/osmosis.gamm.v1beta1.MsgExitPool,592182261648504928367585,145245085416830500864,592037016563088097866721,0,5978428,1608537941,ibc/D1542AA8762DB13087D8364F3EA6509FD6F009A34F00426AF9E4F9FA85CBBF1F,16306653989,1990936,uosmo,4387457354570,535675094,1.4992950350061718
4709054,osmo10t26acjmemggsahq6uvyucm4tj3z0mhz23ljh2,712,/osmosis.gamm.v1beta1.MsgExitPool,591926402515805668886704,217790517955985080320,591708611997849683806384,0,8961451,2411861925,ibc/D1542AA8762DB13087D8364F3EA6509FD6F009A34F00426AF9E4F9FA85CBBF1F,16306251270,2984342,uosmo,4388663745552,803197941,1.4992950350061718
4709079,osmo10t26acjmemggsahq6uvyucm4tj3z0mhz23ljh2,712,/osmosis.gamm.v1beta1.MsgExitPool,591544242223079669831043,163281211957565915136,591380961011122103915907,0,6716703,1807720486,ibc/D1542AA8762DB13087D8364F3EA6509FD6F009A34F00426AF9E4F9FA85CBBF1F,16309220175,2236796,uosmo,4389472852493,602006839,1.4992950350061718
4709083,osmo10t26acjmemggsahq6uvyucm4tj3z0mhz23ljh2,712,/osmosis.gamm.v1beta1.MsgExitPool,591380961011122103915907,163281211957565915136,591217679799164538000771,0,6716751,1807707699,ibc/D1542AA8762DB13087D8364F3EA6509FD6F009A34F00426AF9E4F9FA85CBBF1F,16311572767,2236812,uosmo,4390043756774,602002580,1.4992950350061718
4709100,osmo10t26acjmemggsahq6uvyucm4tj3z0mhz23ljh2,712,/osmosis.gamm.v1beta1.MsgExitPool,590970413970572526188578,489645113809506533376,590480768856763019655202,0,20128819,5420050943,ibc/D1542AA8762DB13087D8364F3EA6509FD6F009A34F00426AF9E4F9FA85CBBF1F,16309751313,6703297,uosmo,4391740822472,1804984651,1.4992950350061718
4709114,osmo10t26acjmemggsahq6uvyucm4tj3z0mhz23ljh2,712,/osmosis.gamm.v1beta1.MsgExitPool,590110081587303586197668,734268660077122289664,589375812927226463908004,0,30166406,8122898562,ibc/D1542AA8762DB13087D8364F3EA6509FD6F009A34F00426AF9E4F9FA85CBBF1F,16316454610,10046013,uosmo,4393569949396,2705086609,1.4992950350061718
4709134,osmo10t26acjmemggsahq6uvyucm4tj3z0mhz23ljh2,712,/osmosis.gamm.v1beta1.MsgExitPool,588819179400231247912360,1100866350226123784192,587718313050005124128168,0,45184246,12167623530,ibc/D1542AA8762DB13087D8364F3EA6509FD6F009A34F00426AF9E4F9FA85CBBF1F,16326064060,15047252,uosmo,4396473870792,4052060385,1.4992950350061718
4709143,osmo10t26acjmemggsahq6uvyucm4tj3z0mhz23ljh2,712,/osmosis.gamm.v1beta1.MsgExitPool,586868992434590466554332,1650388047526600114176,585218604387063866440156,0,67600369,18228427032,ibc/D1542AA8762DB13087D8364F3EA6509FD6F009A34F00426AF9E4F9FA85CBBF1F,16333400520,22512266,uosmo,4402607507346,6070428369,1.4992950350061718
4709171,osmo10t26acjmemggsahq6uvyucm4tj3z0mhz23ljh2,712,/osmosis.gamm.v1beta1.MsgExitPool,583920483164537185748972,2474473899229546283008,581446009265307639465964,0,101121402,27280012478,ibc/D1542AA8762DB13087D8364F3EA6509FD6F009A34F00426AF9E4F9FA85CBBF1F,16348948732,33675436,uosmo,4410567085483,9084786161,1.4992950350061718
4709202,osmo10t26acjmemggsahq6uvyucm4tj3z0mhz23ljh2,712,/osmosis.gamm.v1beta1.MsgExitPool,579476591576280322288271,3708481540924335718400,575768110035355986569871,0,150919586,40802734419,ibc/D1542AA8762DB13087D8364F3EA6509FD6F009A34F00426AF9E4F9FA85CBBF1F,16365127166,50259221,uosmo,4424427570436,13588121240,1.4992950350061718
4709218,osmo10t26acjmemggsahq6uvyucm4tj3z0mhz23ljh2,712,/osmosis.gamm.v1beta1.MsgExitPool,572726037598234948309997,5560308687258754482176,567165728910976193827821,0,225121596,60928558659,ibc/D1542AA8762DB13087D8364F3EA6509FD6F009A34F00426AF9E4F9FA85CBBF1F,16406767153,74969965,uosmo,4440356331259,20290420577,1.4992950350061718
4709227,osmo16h0yyryfjmmhgj3ct6ndl7gcy4r3krf0gfrzky,690,/osmosis.gamm.v1beta1.MsgExitPool,1201362305931170081583298,6468015616456425472,1201355837915553625157826,0,14994961,1279327,ibc/CBA34207E969623D95D057D9B11B0C8B32B89A71F170577D982FDDE623813FFC,2003358209670,4993065,uosmo,170876195497,425994,1.499211735480127
4709792,osmo1cw73elmtjvzg4gjdy9yv7hu6nnfl8m7z4ah5wl,1,/osmosis.gamm.v1beta1.MsgExitPool,392287201412017078765140327,3769356250489477120,392287197642660828275663207,0,76429,599997,ibc/27394FB092D2ECCD56123C74F36E4C1F926001CEADA9CA97EA622B25F41E5EB2,5346767587150,25457,uosmo,41323158675041,199846,1.4994239382520917
4710092,osmo1wfw3cdg5uvt0r5lawxr300lpthj48wx23f9y2q,584,/osmosis.gamm.v1beta1.MsgExitPool,167561998616522937372845,53830233213891232,167561944786289723481613,0,695903,785301,ibc/0954E1C28EB7AF5B72D24F3BC2B47BBB2FDF91BDDFD57B74B99E133AED40972A,1448482812297,231813,uosmo,1625800592040,261592,1.4994982073265835
4710126,osmo1ux20lcw7et2j8kl8gfdep78lacew4dqqjp5dvp,712,/osmosis.gamm.v1beta1.MsgExitPool,567267862236801109045777,1737542419939812864,567266124694381169232913,0,70476,19004345,ibc/D1542AA8762DB13087D8364F3EA6509FD6F009A34F00426AF9E4F9FA85CBBF1F,16514794630,23470,uosmo,4453616754383,6328825,1.4992950350061718
4710132,osmo1ux20lcw7et2j8kl8gfdep78lacew4dqqjp5dvp,712,/osmosis.gamm.v1beta1.MsgExitPool,567264628041651384907414,2624805534302288384,567262003236117082619030,0,106464,28708709,ibc/D1542AA8762DB13087D8364F3EA6509FD6F009A34F00426AF9E4F9FA85CBBF1F,16514818100,35455,uosmo,4453623083208,9560571,1.4992950350061718
4710141,osmo1ux20lcw7et2j8kl8gfdep78lacew4dqqjp5dvp,712,/osmosis.gamm.v1beta1.MsgExitPool,567259768733840946462542,3918725778672514048,567255850008062273948494,0,158964,42855831,ibc/D1542AA8762DB13087D8364F3EA6509FD6F009A34F00426AF9E4F9FA85CBBF1F,16516714159,52939,uosmo,4453131982793,14271844,1.4992950350061718
4710147,osmo1ux20lcw7et2j8kl8gfdep78lacew4dqqjp5dvp,712,/osmosis.gamm.v1beta1.MsgExitPool,567252498544961633999237,5877434621137157120,567246621110340496842117,0,238419,64276277,ibc/D1542AA8762DB13087D8364F3EA6509FD6F009A34F00426AF9E4F9FA85CBBF1F,16516767098,79399,uosmo,4453146254637,21405278,1.4992950350061718
4710151,osmo1ux20lcw7et2j8kl8gfdep78lacew4dqqjp5dvp,712,/osmosis.gamm.v1beta1.MsgExitPool,567241583140812321618210,8834670454046647296,567232748470358274970914,0,358377,96616221,ibc/D1542AA8762DB13087D8364F3EA6509FD6F009A34F00426AF9E4F9FA85CBBF1F,16516846497,119347,uosmo,4453167659915,32175122,1.4992950350061718
4710155,osmo1ux20lcw7et2j8kl8gfdep78lacew4dqqjp5dvp,712,/osmosis.gamm.v1beta1.MsgExitPool,567225201520344311046366,13233614701427677184,567211967905642883369182,0,536814,144721601,ibc/D1542AA8762DB13087D8364F3EA6509FD6F009A34F00426AF9E4F9FA85CBBF1F,16516965844,178770,uosmo,4453199835037,48195169,1.4992950350061718
4710159,osmo1ux20lcw7et2j8kl8gfdep78lacew4dqqjp5dvp,712,/osmosis.gamm.v1beta1.MsgExitPool,567200646303410144533640,19850606305949753344,567180795697104194780296,0,805215,217080957,ibc/D1542AA8762DB13087D8364F3EA6509FD6F009A34F00426AF9E4F9FA85CBBF1F,16517144614,268153,uosmo,4453248030206,72292272,1.4992950350061718
4710163,osmo1ux20lcw7et2j8kl8gfdep78lacew4dqqjp5dvp,712,/osmosis.gamm.v1beta1.MsgExitPool,567164244195697201604499,29757878363054460928,567134486317334147143571,0,1207061,325416131,ibc/D1542AA8762DB13087D8364F3EA6509FD6F009A34F00426AF9E4F9FA85CBBF1F,16517412767,401976,uosmo,4453326499225,108370038,1.4992950350061718
4710169,osmo1ux20lcw7et2j8kl8gfdep78lacew4dqqjp5dvp,712,/osmosis.gamm.v1beta1.MsgExitPool,567109029124601355827563,44619390623789383680,567064409733977566443883,0,1809817,487915368,ibc/D1542AA8762DB13087D8364F3EA6509FD6F009A34F00426AF9E4F9FA85CBBF1F,16517814743,602706,uosmo,4453434869263,162485512,1.4992950350061718
4710173,osmo1ux20lcw7et2j8kl8gfdep78lacew4dqqjp5dvp,712,/osmosis.gamm.v1beta1.MsgExitPool,567026222543427621448054,66910394886469992448,566959312148541151455606,0,2713815,731627610,ibc/D1542AA8762DB13087D8364F3EA6509FD6F009A34F00426AF9E4F9FA85CBBF1F,16518417449,903755,uosmo,4453597354775,243646531,1.4992950350061718
4710178,osmo1ux20lcw7et2j8kl8gfdep78lacew4dqqjp5dvp,712,/osmosis.gamm.v1beta1.MsgExitPool,566902020213454319434492,100337542008683036672,566801682671445636397820,0,4069243,1097042394,ibc/D1542AA8762DB13087D8364F3EA6509FD6F009A34F00426AF9E4F9FA85CBBF1F,16519321204,1355139,uosmo,4453841001306,365336914,1.4992950350061718
4710181,osmo1ux20lcw7et2j8kl8gfdep78lacew4dqqjp5dvp,712,/osmosis.gamm.v1beta1.MsgExitPool,566715719299196270508265,150443980384369377280,566565275318811901130985,0,6100567,1644674604,ibc/D1542AA8762DB13087D8364F3EA6509FD6F009A34F00426AF9E4F9FA85CBBF1F,16520676343,2031611,uosmo,4454206338220,547709320,1.4992950350061718
4710185,osmo1ux20lcw7et2j8kl8gfdep78lacew4dqqjp5dvp,712,/osmosis.gamm.v1beta1.MsgExitPool,566436230966600331545013,225599600367326625792,566210631366233004919221,0,9146430,2465819957,ibc/D1542AA8762DB13087D8364F3EA6509FD6F009A34F00426AF9E4F9FA85CBBF1F,16522707954,3045943,uosmo,4454754047540,821167038,1.4992950350061718
4710190,osmo1ux20lcw7et2j8kl8gfdep78lacew4dqqjp5dvp,712,/osmosis.gamm.v1beta1.MsgExitPool,566016832463562430119285,338254619601866457088,565678577843960563662197,0,13709878,3696102423,ibc/D1542AA8762DB13087D8364F3EA6509FD6F009A34F00426AF9E4F9FA85CBBF1F,16525741199,4565662,uosmo,4455578644888,1230875542,1.4992950350061718
4710194,osmo1ux20lcw7et2j8kl8gfdep78lacew4dqqjp5dvp,712,/osmosis.gamm.v1beta1.MsgExitPool,565387311886678665791786,507180784070467715072,564880131102608198076714,0,20547932,5539601530,ibc/D1542AA8762DB13087D8364F3EA6509FD6F009A34F00426AF9E4F9FA85CBBF1F,16530306861,6842870,uosmo,4456809520430,1844797372,1.4992950350061718
4710198,osmo1ux20lcw7et2j8kl8gfdep78lacew4dqqjp5dvp,712,/osmosis.gamm.v1beta1.MsgExitPool,564441866561731284090220,760438633483087118336,563681427928248196971884,0,30788730,8300507161,ibc/D1542AA8762DB13087D8364F3EA6509FD6F009A34F00426AF9E4F9FA85CBBF1F,16537104559,10253259,uosmo,4458666520477,2764233802,1.4992950350061718
4710202,osmo1ux20lcw7et2j8kl8gfdep78lacew4dqqjp5dvp,712,/osmosis.gamm.v1beta1.MsgExitPool,563020855812120472178632,1140103791524591435776,561880752020595880742856,0,46116658,12432849359,ibc/D1542AA8762DB13087D8364F3EA6509FD6F009A34F00426AF9E4F9FA85CBBF1F,16547357818,15357764,uosmo,4461430754279,4140385856,1.4992950350061718
4710760,osmo1cw73elmtjvzg4gjdy9yv7hu6nnfl8m7z4ah5wl,722,/osmosis.gamm.v1beta1.MsgExitPool,1735859675901774475693310,2361484019291373056,1735857314417755184320254,0,394075981958565997,665495,ibc/6AE98883D4D5D5FF9E50D7130F1305DA2FFA0C652D1DD9C123657C6B4EB2DF8A,194223667316713069056011,131268372638583341,uosmo,327851624117,221680,1.499484672373991
4711050,osmo1ugg4nh0vgmqwvkvkjaw745hh70j5aae6y7m6ux,1,/osmosis.gamm.v1beta1.MsgExitPool,392226473754075537236780981,170647692834445361152,392226303106382702791419829,0,3445541,27278897,ibc/27394FB092D2ECCD56123C74F36E4C1F926001CEADA9CA97EA622B25F41E5EB2,5361801800570,1147632,uosmo,41194401981712,9085979,1.4994239382520917
4711845,osmo10rgny3xd5fvg02wnmy4h9zuktnfthvrlwdjwf5,1,/osmosis.gamm.v1beta1.MsgExitPool,392214380082501298099757360,296037320139814207488,392214084045181158285549872,0,5983822,47270597,ibc/27394FB092D2ECCD56123C74F36E4C1F926001CEADA9CA97EA622B25F41E5EB2,5373597332412,1993075,uosmo,41099957999430,15744759,1.4994239382520917
4712107,osmo18qx59wy8s3ytax3e0akna934e86mw776vlzjtq,712,/osmosis.gamm.v1beta1.MsgExitPool,561781007075651586671369,47507814310101196800,561733499261341485474569,0,1934630,514302246,ibc/D1542AA8762DB13087D8364F3EA6509FD6F009A34F00426AF9E4F9FA85CBBF1F,16680418683,644271,uosmo,4436521030848,171272867,1.4992950350061718
4712115,osmo18qx59wy8s3ytax3e0akna934e86mw776vlzjtq,712,/osmosis.gamm.v1beta1.MsgExitPool,561691825743130864196007,71237699747982917632,561620588043382881278375,0,2900794,771147301,ibc/D1542AA8762DB13087D8364F3EA6509FD6F009A34F00426AF9E4F9FA85CBBF1F,16681062954,966023,uosmo,4436692303715,256807373,1.4992950350061718
4712138,osmo18qx59wy8s3ytax3e0akna934e86mw776vlzjtq,712,/osmosis.gamm.v1beta1.MsgExitPool,561516309586321400601055,178171504109813825536,561338138082211586775519,0,7253182,1928647997,ibc/D1542AA8762DB13087D8364F3EA6509FD6F009A34F00426AF9E4F9FA85CBBF1F,16680091861,2415454,uosmo,4437465168334,642278102,1.4992950350061718
4712144,osmo18qx59wy8s3ytax3e0akna934e86mw776vlzjtq,712,/osmosis.gamm.v1beta1.MsgExitPool,561182042728322410844952,267158041136831561728,560914884687185579283224,0,10873293,2891253538,ibc/D1542AA8762DB13087D8364F3EA6509FD6F009A34F00426AF9E4F9FA85CBBF1F,16682506828,3621023,uosmo,4438114162596,962844873,1.4992950350061718
4712158,osmo18qx59wy8s3ytax3e0akna934e86mw776vlzjtq,712,/osmosis.gamm.v1beta1.MsgExitPool,560679708466182557322231,400581063196039380992,560279127402986517941239,0,16297055,4334023931,ibc/D1542AA8762DB13087D8364F3EA6509FD6F009A34F00426AF9E4F9FA85CBBF1F,16685064306,5427244,uosmo,4439360393933,1443316079,1.4992950350061718
4712163,osmo18qx59wy8s3ytax3e0akna934e86mw776vlzjtq,712,/osmosis.gamm.v1beta1.MsgExitPool,559925559497581018308793,600620507327798181888,559324938990253220126905,0,24423078,6495058616,ibc/D1542AA8762DB13087D8364F3EA6509FD6F009A34F00426AF9E4F9FA85CBBF1F,16690482237,8133371,uosmo,4440806191760,2162983565,1.4992950350061718
4712168,osmo18qx59wy8s3ytax3e0akna934e86mw776vlzjtq,712,/osmosis.gamm.v1beta1.MsgExitPool,558792641957985375727044,900516482375367262208,557892125475610008464836,0,36590214,9730779330,ibc/D1542AA8762DB13087D8364F3EA6509FD6F009A34F00426AF9E4F9FA85CBBF1F,16698615608,12185269,uosmo,4442969175325,3240542851,1.4992950350061718
4712170,osmo1yglld3aary7lnrrn2dz7la84kmnmen4kpsxzay,712,/osmosis.gamm.v1beta1.MsgExitPool,557892110382643957691996,29729152504033108,557892080653491453658888,0,1207,321323,ibc/D1542AA8762DB13087D8364F3EA6509FD6F009A34F00426AF9E4F9FA85CBBF1F,16706961580,402,uosmo,4447233028033,107007,1.4992950350061718
4712173,osmo18qx59wy8s3ytax3e0akna934e86mw776vlzjtq,712,/osmosis.gamm.v1beta1.MsgExitPool,557089180591374906879602,1350066232003876618240,555739114359371030261362,0,54781696,14575544565,ibc/D1542AA8762DB13087D8364F3EA6509FD6F009A34F00426AF9E4F9FA85CBBF1F,16706961982,18243394,uosmo,4447233135040,4853945931,1.4992950350061718
4712175,osmo1yglld3aary7lnrrn2dz7la84kmnmen4kpsxzay,712,/osmosis.gamm.v1beta1.MsgExitPool,555739114359371030261362,43280054807544416,555739071079316222716946,0,1755,467354,ibc/D1542AA8762DB13087D8364F3EA6509FD6F009A34F00426AF9E4F9FA85CBBF1F,16721893930,585,uosmo,4452970091014,155639,1.4992950350061718
4712180,osmo1yglld3aary7lnrrn2dz7la84kmnmen4kpsxzay,712,/osmosis.gamm.v1beta1.MsgExitPool,554524519627802078188788,63622427807105296,554524456005374271083492,0,2581,687019,ibc/D1542AA8762DB13087D8364F3EA6509FD6F009A34F00426AF9E4F9FA85CBBF1F,16721890766,860,uosmo,4452971246653,228791,1.4992950350061718
4712182,osmo18qx59wy8s3ytax3e0akna934e86mw776vlzjtq,712,/osmosis.gamm.v1beta1.MsgExitPool,554524399212282300067734,2023875507175579975680,552500523705106720092054,0,81967091,21817880271,ibc/D1542AA8762DB13087D8364F3EA6509FD6F009A34F00426AF9E4F9FA85CBBF1F,16721891626,27296670,uosmo,4452971475444,7265787614,1.4992950350061718
4712186,osmo1yglld3aary7lnrrn2dz7la84kmnmen4kpsxzay,712,/osmosis.gamm.v1beta1.MsgExitPool,552500598240954810300269,94081563742600608,552500504159391067699661,0,3810,1014222,ibc/D1542AA8762DB13087D8364F3EA6509FD6F009A34F00426AF9E4F9FA85CBBF1F,16749094562,1269,uosmo,4460263335988,337757,1.4992950350061718
4712191,osmo18qx59wy8s3ytax3e0akna934e86mw776vlzjtq,712,/osmosis.gamm.v1beta1.MsgExitPool,550631561143872307822362,3033473374774401957888,547598087769097905864474,0,122542267,32618121656,ibc/D1542AA8762DB13087D8364F3EA6509FD6F009A34F00426AF9E4F9FA85CBBF1F,16749099580,40809010,uosmo,4460263673745,10862482577,1.4992950350061718
4712198,osmo1yglld3aary7lnrrn2dz7la84kmnmen4kpsxzay,712,/osmosis.gamm.v1beta1.MsgExitPool,547596331919645587483907,140264519628487040,547596191655125958996867,0,5673,1506245,ibc/D1542AA8762DB13087D8364F3EA6509FD6F009A34F00426AF9E4F9FA85CBBF1F,16817984327,1890,uosmo,4463787660491,501610,1.4992950350061718
4712206,osmo18qx59wy8s3ytax3e0akna934e86mw776vlzjtq,712,/osmosis.gamm.v1beta1.MsgExitPool,546198113457634857607325,2252888435598957215744,543945225022035900391581,0,90664413,24226443880,ibc/D1542AA8762DB13087D8364F3EA6509FD6F009A34F00426AF9E4F9FA85CBBF1F,16759178795,30193051,uosmo,4479485020800,8067887149,1.4992950350061718
4712211,osmo18qx59wy8s3ytax3e0akna934e86mw776vlzjtq,712,/osmosis.gamm.v1beta1.MsgExitPool,541816002386562105361688,3382256488548301537280,538433745898013803824408,0,135732235,36269019752,ibc/D1542AA8762DB13087D8364F3EA6509FD6F009A34F00426AF9E4F9FA85CBBF1F,16789371846,45201532,uosmo,4487552907949,12078304179,1.4992950350061718
4712218,osmo1yglld3aary7lnrrn2dz7la84kmnmen4kpsxzay,712,/osmosis.gamm.v1beta1.MsgExitPool,538433745898013803824408,208940879314408192,538433536957134489416216,0,8404,2235318,ibc/D1542AA8762DB13087D8364F3EA6509FD6F009A34F00426AF9E4F9FA85CBBF1F,16872049096,2799,uosmo,4489693015226,744406,1.4992950350061718
4712223,osmo18qx59wy8s3ytax3e0akna934e86mw776vlzjtq,712,/osmosis.gamm.v1beta1.MsgExitPool,536812647782534779726623,2519985993737989783552,534292661788796789943071,0,101153721,26903117768,ibc/D1542AA8762DB13087D8364F3EA6509FD6F009A34F00426AF9E4F9FA85CBBF1F,16872051895,33686199,uosmo,4489693759632,8959272735,1.4992950350061718
4712228,osmo18qx59wy8s3ytax3e0akna934e86mw776vlzjtq,712,/osmosis.gamm.v1beta1.MsgExitPool,531822556787861756812818,3782540432564263321600,528040016355297493491218,0,151357355,40255412229,ibc/D1542AA8762DB13087D8364F3EA6509FD6F009A34F00426AF9E4F9FA85CBBF1F,16905738094,50405007,uosmo,4498653032367,13405852077,1.4992950350061718
4712230,osmo1yglld3aary7lnrrn2dz7la84kmnmen4kpsxzay,712,/osmosis.gamm.v1beta1.MsgExitPool,528040016355297493491218,312566246415636992,528039703789051077854226,0,12507,3326463,ibc/D1542AA8762DB13087D8364F3EA6509FD6F009A34F00426AF9E4F9FA85CBBF1F,16956143101,4166,uosmo,4512058884444,1107779,1.4992950350061718
4712234,osmo18qx59wy8s3ytax3e0akna934e86mw776vlzjtq,712,/osmosis.gamm.v1beta1.MsgExitPool,524254914171769130488626,5667153328182184116224,518587760843586946372402,0,225709911,60030419534,ibc/D1542AA8762DB13087D8364F3EA6509FD6F009A34F00426AF9E4F9FA85CBBF1F,16956147267,75165885,uosmo,4512059992223,19991322404,1.4992950350061718
4712235,osmo1yglld3aary7lnrrn2dz7la84kmnmen4kpsxzay,712,/osmosis.gamm.v1beta1.MsgExitPool,518587796193322659153840,467404691631778048,518587328788631027375792,0,18615,4951075,ibc/D1542AA8762DB13087D8364F3EA6509FD6F009A34F00426AF9E4F9FA85CBBF1F,17031313152,6200,uosmo,4532051814627,1648807,1.4992950350061718
4712246,osmo1yglld3aary7lnrrn2dz7la84kmnmen4kpsxzay,712,/osmosis.gamm.v1beta1.MsgExitPool,515680586215388776765623,701720091416306304,515679884495297360459319,0,27989,7422298,ibc/D1542AA8762DB13087D8364F3EA6509FD6F009A34F00426AF9E4F9FA85CBBF1F,17054774029,9321,uosmo,4525931460417,2471773,1.4992950350061718
4712248,osmo18qx59wy8s3ytax3e0akna934e86mw776vlzjtq,712,/osmosis.gamm.v1beta1.MsgExitPool,515679148736604833934343,4210374084319420350464,511468774652285413583879,0,167153706,44432014812,ibc/D1542AA8762DB13087D8364F3EA6509FD6F009A34F00426AF9E4F9FA85CBBF1F,17035868390,55665506,uosmo,4530965911950,14796743719,1.4992950350061718
4712252,osmo18qx59wy8s3ytax3e0akna934e86mw776vlzjtq,712,/osmosis.gamm.v1beta1.MsgExitPool,507009601564951951637812,6311837049684130529280,500697764515267821108532,0,249280701,66262640687,ibc/D1542AA8762DB13087D8364F3EA6509FD6F009A34F00426AF9E4F9FA85CBBF1F,17091532336,83015427,uosmo,4545763071211,22066775871,1.4992950350061718
4712254,osmo1yglld3aary7lnrrn2dz7la84kmnmen4kpsxzay,712,/osmosis.gamm.v1beta1.MsgExitPool,500697764515267821108532,1053968089608682880,500696710547178212425652,0,41625,11064719,ibc/D1542AA8762DB13087D8364F3EA6509FD6F009A34F00426AF9E4F9FA85CBBF1F,17174547763,13862,uosmo,4567829847082,3684772,1.4992950350061718
4712261,osmo1yglld3aary7lnrrn2dz7la84kmnmen4kpsxzay,712,/osmosis.gamm.v1beta1.MsgExitPool,500698407298572183460768,1576052303116886528,500696831246269066574240,0,62166,16566374,ibc/D1542AA8762DB13087D8364F3EA6509FD6F009A34F00426AF9E4F9FA85CBBF1F,17154999316,20703,uosmo,4573090425093,5516932,1.4992950350061718
4712265,osmo1yglld3aary7lnrrn2dz7la84kmnmen4kpsxzay,712,/osmosis.gamm.v1beta1.MsgExitPool,500695678109687094555090,1576053570320199168,500694102056116774355922,0,62365,16513846,ibc/D1542AA8762DB13087D8364F3EA6509FD6F009A34F00426AF9E4F9FA85CBBF1F,17155006048,20769,uosmo,4573099672534,5499439,1.4992950350061718
4712269,osmo1yglld3aary7lnrrn2dz7la84kmnmen4kpsxzay,712,/osmosis.gamm.v1beta1.MsgExitPool,500691804394921365341677,3140301866470143488,500688664093054895198189,0,123931,32992499,ibc/D1542AA8762DB13087D8364F3EA6509FD6F009A34F00426AF9E4F9FA85CBBF1F,17169011546,41272,uosmo,4569480642517,10987158,1.4992950350061718
4712271,osmo18qx59wy8s3ytax3e0akna934e86mw776vlzjtq,704,/osmosis.gamm.v1beta1.MsgExitPool,444937573075855066001203,1095746913021672030208,443841826162833393970995,0,12670037084944849536,19811887699,ibc/EA1D43981D5C9A1C4AAEA9C23BB1D4FA126BA9BC7020A25E0AE4AA841EA25DC5,3463291513682018030406,4219826787715150464,uosmo,5364543704736,6598460121,1.4993753574509938
4712275,osmo1yglld3aary7lnrrn2dz7la84kmnmen4kpsxzay,712,/osmosis.gamm.v1beta1.MsgExitPool,500685217441495496167262,4710571245655795712,500680506870249840371550,0,185878,49495722,ibc/D1542AA8762DB13087D8364F3EA6509FD6F009A34F00426AF9E4F9FA85CBBF1F,17161224827,61902,uosmo,4571579201478,16483059,1.4992950350061718
4712280,osmo18qx59wy8s3ytax3e0akna934e86mw776vlzjtq,704,/osmosis.gamm.v1beta1.MsgExitPool,443828342046679832304533,1096096583943158366208,442732245462736673938325,0,12674080302854124295,19818209999,ibc/EA1D43981D5C9A1C4AAEA9C23BB1D4FA126BA9BC7020A25E0AE4AA841EA25DC5,3467511340469733180870,4221173404076866311,uosmo,5371142164857,6600565798,1.4993753574509938
4712284,osmo18qx59wy8s3ytax3e0akna934e86mw776vlzjtq,704,/osmosis.gamm.v1beta1.MsgExitPool,441892562760890963574011,1643082659799565598720,440249480101091397975291,0,18964209422422841756,29653961142,ibc/EA1D43981D5C9A1C4AAEA9C23BB1D4FA126BA9BC7020A25E0AE4AA841EA25DC5,3471732513873810047181,6316136124310978972,uosmo,5377742730655,9876417784,1.4993753574509938
4712284,osmo1yglld3aary7lnrrn2dz7la84kmnmen4kpsxzay,712,/osmosis.gamm.v1beta1.MsgExitPool,500679499738157006912057,7062144063732885504,500672437594093274026553,0,278668,74204359,ibc/D1542AA8762DB13087D8364F3EA6509FD6F009A34F00426AF9E4F9FA85CBBF1F,17161349384,92802,uosmo,4571638384537,24711526,1.4992950350061718
4712288,osmo1yglld3aary7lnrrn2dz7la84kmnmen4kpsxzay,712,/osmosis.gamm.v1beta1.MsgExitPool,500664689842684554854913,10588293982822057984,500654101548701732796929,0,417674,111288658,ibc/D1542AA8762DB13087D8364F3EA6509FD6F009A34F00426AF9E4F9FA85CBBF1F,17156541650,139094,uosmo,4572971042903,37061335,1.4992950350061718
4712298,osmo1yglld3aary7lnrrn2dz7la84kmnmen4kpsxzay,712,/osmosis.gamm.v1beta1.MsgExitPool,500642488181153802109508,15870284980478998528,500626617896173323110980,0,625842,166851427,ibc/D1542AA8762DB13087D8364F3EA6509FD6F009A34F00426AF9E4F9FA85CBBF1F,17152137511,208418,uosmo,4574221418368,55564841,1.4992950350061718
4712299,osmo18qx59wy8s3ytax3e0akna934e86mw776vlzjtq,704,/osmosis.gamm.v1beta1.MsgExitPool,440218018703025978382857,818662476942131855360,439399356226083846527497,0,9460645881244121486,14756770000,ibc/EA1D43981D5C9A1C4AAEA9C23BB1D4FA126BA9BC7020A25E0AE4AA841EA25DC5,3482294162699996412949,3150921078691912078,uosmo,5380895085741,4914824869,1.4993753574509938
4712303,osmo1yglld3aary7lnrrn2dz7la84kmnmen4kpsxzay,712,/osmosis.gamm.v1beta1.MsgExitPool,500609203233165309358550,23796066601380368384,500585407166563928990166,0,938376,250173739,ibc/D1542AA8762DB13087D8364F3EA6509FD6F009A34F00426AF9E4F9FA85CBBF1F,17152345929,312498,uosmo,4574276983209,83312826,1.4992950350061718
4712305,osmo18qx59wy8s3ytax3e0akna934e86mw776vlzjtq,704,/osmosis.gamm.v1beta1.MsgExitPool,438757474137474985127419,1227299247454311677952,437530174890020673449467,0,14163603932760865505,22092471088,ibc/EA1D43981D5C9A1C4AAEA9C23BB1D4FA126BA9BC7020A25E0AE4AA841EA25DC5,3485445083778688325027,4717267588511728353,uosmo,5385809910610,7358021187,1.4993753574509938
4712308,osmo1yglld3aary7lnrrn2dz7la84kmnmen4kpsxzay,712,/osmosis.gamm.v1beta1.MsgExitPool,500559291380341769922041,35681178812012044288,500523610201529757877753,0,1406903,375142714,ibc/D1542AA8762DB13087D8364F3EA6509FD6F009A34F00426AF9E4F9FA85CBBF1F,17151441918,468527,uosmo,4574685296035,124929978,1.4992950350061718
4712314,osmo1yglld3aary7lnrrn2dz7la84kmnmen4kpsxzay,712,/osmosis.gamm.v1beta1.MsgExitPool,500484444225611230961933,53502173022124040192,500430942052589106921741,0,2109698,562437544,ibc/D1542AA8762DB13087D8364F3EA6509FD6F009A34F00426AF9E4F9FA85CBBF1F,17153462778,702572,uosmo,4574475260045,187302877,1.4992950350061718
4712319,osmo1yglld3aary7lnrrn2dz7la84kmnmen4kpsxzay,712,/osmosis.gamm.v1beta1.MsgExitPool,500372109619328659197176,80343436698865795072,500291766182629793402104,0,3172437,843350565,ibc/D1542AA8762DB13087D8364F3EA6509FD6F009A34F00426AF9E4F9FA85CBBF1F,17229200645,1056485,uosmo,4554793322629,280852495,1.4992950350061718
4712322,osmo18qx59wy8s3ytax3e0akna934e86mw776vlzjtq,704,/osmosis.gamm.v1beta1.MsgExitPool,437479591361870592099867,551758902431161516032,436927832459439430583835,0,6365979325365675133,9934609999,ibc/EA1D43981D5C9A1C4AAEA9C23BB1D4FA126BA9BC7020A25E0AE4AA841EA25DC5,3489310444003788866674,2120225055942354045,uosmo,5394499734167,3308777482,1.4993753574509938
4712323,osmo1yglld3aary7lnrrn2dz7la84kmnmen4kpsxzay,712,/osmosis.gamm.v1beta1.MsgExitPool,500203805607486293101986,120071374755804790784,500083734232730488311202,0,4736206,1261427252,ibc/D1542AA8762DB13087D8364F3EA6509FD6F009A34F00426AF9E4F9FA85CBBF1F,17162994629,1577251,uosmo,4572947819349,420080338,1.4992950350061718
4712324,osmo18qx59wy8s3ytax3e0akna934e86mw776vlzjtq,704,/osmosis.gamm.v1beta1.MsgExitPool,436927782030336579805799,551758902431161516032,436376023127905418289767,0,6365979325365675435,9934610000,ibc/EA1D43981D5C9A1C4AAEA9C23BB1D4FA126BA9BC7020A25E0AE4AA841EA25DC5,3491430669059731220719,2120225055942354347,uosmo,5397808511649,3308777483,1.4993753574509938
4712328,osmo1yglld3aary7lnrrn2dz7la84kmnmen4kpsxzay,712,/osmosis.gamm.v1beta1.MsgExitPool,499948647572489405412553,180463211851774132224,499768184360637631280329,0,7117259,1895589938,ibc/D1542AA8762DB13087D8364F3EA6509FD6F009A34F00426AF9E4F9FA85CBBF1F,17164571880,2370189,uosmo,4573367899687,631269112,1.4992950350061718
4712328,osmo18qx59wy8s3ytax3e0akna934e86mw776vlzjtq,704,/osmosis.gamm.v1beta1.MsgExitPool,435493572582927766077675,1654203707422870077440,433839368875504896000235,0,19050537028772304783,29729857104,ibc/EA1D43981D5C9A1C4AAEA9C23BB1D4FA126BA9BC7020A25E0AE4AA841EA25DC5,3493550894115673575066,6344888016933748623,uosmo,5401117289132,9901695360,1.4993753574509938
4712332,osmo1yglld3aary7lnrrn2dz7la84kmnmen4kpsxzay,712,/osmosis.gamm.v1beta1.MsgExitPool,499569643017236121523351,270593065696579715072,499299049951539541808279,0,10669458,2841672320,ibc/D1542AA8762DB13087D8364F3EA6509FD6F009A34F00426AF9E4F9FA85CBBF1F,17166942069,3553142,uosmo,4573999168799,946333342,1.4992950350061718
4712332,osmo18qx59wy8s3ytax3e0akna934e86mw776vlzjtq,704,/osmosis.gamm.v1beta1.MsgExitPool,432494534135281368561663,2479293726462047158272,430015240408819321403391,0,28474351837804372346,44436459192,ibc/EA1D43981D5C9A1C4AAEA9C23BB1D4FA126BA9BC7020A25E0AE4AA841EA25DC5,3499895782132607323689,9483542300816875898,uosmo,5411018984492,14799811524,1.4993753574509938
4712347,osmo18qx59wy8s3ytax3e0akna934e86mw776vlzjtq,704,/osmosis.gamm.v1beta1.MsgExitPool,428935512522853570877070,1941481038640131866624,426994031484213439010446,0,22261122271707279393,34705078234,ibc/EA1D43981D5C9A1C4AAEA9C23BB1D4FA126BA9BC7020A25E0AE4AA841EA25DC5,3512412386890912386135,7414191407409096737,uosmo,5421169499267,11558720612,1.4993753574509938
4712351,osmo18qx59wy8s3ytax3e0akna934e86mw776vlzjtq,704,/osmosis.gamm.v1beta1.MsgExitPool,425343592422580676405894,2913062442724773330944,422430529979855903074950,0,33293897948161764289,51905169869,ibc/EA1D43981D5C9A1C4AAEA9C23BB1D4FA126BA9BC7020A25E0AE4AA841EA25DC5,3519826578298321482872,11088719116382841793,uosmo,5432728219879,17287307430,1.4993753574509938
4712356,osmo18qx59wy8s3ytax3e0akna934e86mw776vlzjtq,704,/osmosis.gamm.v1beta1.MsgExitPool,420734765825156802003617,2913062445305962692608,417821703379850839311009,0,33178236675369569648,51751636352,ibc/EA1D43981D5C9A1C4AAEA9C23BB1D4FA126BA9BC7020A25E0AE4AA841EA25DC5,3530033953320263229429,11050197481918987632,uosmo,5451412154395,17236172233,1.4993753574509938
4712363,osmo1yglld3aary7lnrrn2dz7la84kmnmen4kpsxzay,712,/osmosis.gamm.v1beta1.MsgExitPool,499253739737065369299693,63604369226512744448,499190135367838856555245,0,2506872,668159171,ibc/D1542AA8762DB13087D8364F3EA6509FD6F009A34F00426AF9E4F9FA85CBBF1F,17164855165,834839,uosmo,4576482625849,222510280,1.4992950350061718
4712367,osmo18qx59wy8s3ytax3e0akna934e86mw776vlzjtq,704,/osmosis.gamm.v1beta1.MsgExitPool,414362145062464304874991,5788863220351258066944,408573281842113046808047,0,65484236314256085784,102239391100,ibc/EA1D43981D5C9A1C4AAEA9C23BB1D4FA126BA9BC7020A25E0AE4AA841EA25DC5,3539478845222752676965,21809891535386129176,uosmo,5471158497048,34051401621,1.4993753574509938
4712369,osmo1yglld3aary7lnrrn2dz7la84kmnmen4kpsxzay,712,/osmosis.gamm.v1beta1.MsgExitPool,499120031903456044670424,95373457425000054784,499024658446031044615640,0,3758704,1001811060,ibc/D1542AA8762DB13087D8364F3EA6509FD6F009A34F00426AF9E4F9FA85CBBF1F,17165690004,1251724,uosmo,4576705136129,333622988,1.4992950350061718
4712378,osmo1yglld3aary7lnrrn2dz7la84kmnmen4kpsxzay,712,/osmosis.gamm.v1beta1.MsgExitPool,498919568691291102827441,142900246569985032192,498776668444721117795249,0,5622207,1503230064,ibc/D1542AA8762DB13087D8364F3EA6509FD6F009A34F00426AF9E4F9FA85CBBF1F,17142257756,1872307,uosmo,4583641386041,500605478,1.4992950350061718
4712382,osmo1yglld3aary7lnrrn2dz7la84kmnmen4kpsxzay,712,/osmosis.gamm.v1beta1.MsgExitPool,498618974255835905313638,214272056716461178880,498404702199119444134758,0,8428717,2253616953,ibc/D1542AA8762DB13087D8364F3EA6509FD6F009A34F00426AF9E4F9FA85CBBF1F,17144122633,2806931,uosmo,4584143982154,750499221,1.4992950350061718
4712388,osmo1yglld3aary7lnrrn2dz7la84kmnmen4kpsxzay,712,/osmosis.gamm.v1beta1.MsgExitPool,498167902504376524960809,321285081554268258304,497846617422822256702505,0,12634869,3378213487,ibc/D1542AA8762DB13087D8364F3EA6509FD6F009A34F00426AF9E4F9FA85CBBF1F,17146929564,4207663,uosmo,4584896211160,1125012211,1.4992950350061718
4712397,osmo18qx59wy8s3ytax3e0akna934e86mw776vlzjtq,1,/osmosis.gamm.v1beta1.MsgExitPool,391979085123197144036399624,472917000740547653009408,391506168122456596383390216,0,9512544839,75795176754,ibc/27394FB092D2ECCD56123C74F36E4C1F926001CEADA9CA97EA622B25F41E5EB2,5351054817331,3168411872,uosmo,41280973514591,25245645818,1.4994239382520917
4712398,osmo1yglld3aary7lnrrn2dz7la84kmnmen4kpsxzay,712,/osmosis.gamm.v1beta1.MsgExitPool,497491343136270812851783,481400682751093178368,497009942453519719673415,0,18950306,5052720003,ibc/D1542AA8762DB13087D8364F3EA6509FD6F009A34F00426AF9E4F9FA85CBBF1F,17172955928,6310829,uosmo,4580207263988,1682656150,1.4992950350061718
4712402,osmo18qx59wy8s3ytax3e0akna934e86mw776vlzjtq,1,/osmosis.gamm.v1beta1.MsgExitPool,391149994902019122984458939,709065078986865003986944,390440929823032257980471995,0,14248041907,113554271288,ibc/27394FB092D2ECCD56123C74F36E4C1F926001CEADA9CA97EA622B25F41E5EB2,5353595998220,4745698012,uosmo,41311227704064,37822339584,1.4994239382520917
4712413,osmo18qx59wy8s3ytax3e0akna934e86mw776vlzjtq,1,/osmosis.gamm.v1beta1.MsgExitPool,390171647118940168056612634,531258405069447764115456,389640388713870720292497178,0,10654836230,85126833680,ibc/27394FB092D2ECCD56123C74F36E4C1F926001CEADA9CA97EA622B25F41E5EB2,5351861859204,3548883099,uosmo,41400901994341,28353808048,1.4994239382520917
4712420,osmo18qx59wy8s3ytax3e0akna934e86mw776vlzjtq,1,/osmosis.gamm.v1beta1.MsgExitPool,389233719227331548653752619,797094973954920391114752,388436624253376628262637867,0,15972140135,127579202082,ibc/27394FB092D2ECCD56123C74F36E4C1F926001CEADA9CA97EA622B25F41E5EB2,5356042393718,5319955835,uosmo,41424220703269,42493724368,1.4994239382520917
4712429,osmo1yglld3aary7lnrrn2dz7la84kmnmen4kpsxzay,712,/osmosis.gamm.v1beta1.MsgExitPool,496986804137880066221598,36500472563809173504,496950303665316257048094,0,1435965,383316099,ibc/D1542AA8762DB13087D8364F3EA6509FD6F009A34F00426AF9E4F9FA85CBBF1F,17170334027,478205,uosmo,4584352265676,127651877,1.4992950350061718
4712429,osmo18qx59wy8s3ytax3e0akna934e86mw776vlzjtq,1,/osmosis.gamm.v1beta1.MsgExitPool,387821226652219555784024099,1194605724693288672296960,386626620927526267111727139,0,23907287036,190865161585,ibc/27394FB092D2ECCD56123C74F36E4C1F926001CEADA9CA97EA622B25F41E5EB2,5362696069379,7962972406,uosmo,41456085637113,63572835035,1.4994239382520917
4712435,osmo1yglld3aary7lnrrn2dz7la84kmnmen4kpsxzay,712,/osmosis.gamm.v1beta1.MsgExitPool,496909799190801382852664,54732011294447337472,496855067179506935515192,0,2149864,575622032,ibc/D1542AA8762DB13087D8364F3EA6509FD6F009A34F00426AF9E4F9FA85CBBF1F,17147196172,715948,uosmo,4590806162240,191693574,1.4992950350061718
4712441,osmo18qx59wy8s3ytax3e0akna934e86mw776vlzjtq,1,/osmosis.gamm.v1beta1.MsgExitPool,386159691904788005257539144,893180611852287602589696,385266511292935717654949448,0,17834060833,142710053702,ibc/27394FB092D2ECCD56123C74F36E4C1F926001CEADA9CA97EA622B25F41E5EB2,5364603740276,5940119182,uosmo,41568342070419,47533466174,1.4994239382520917
4712441,osmo1yglld3aary7lnrrn2dz7la84kmnmen4kpsxzay,712,/osmosis.gamm.v1beta1.MsgExitPool,496780508495753678590319,82069701049169362944,496698438794704509227375,0,3223412,863062445,ibc/D1542AA8762DB13087D8364F3EA6509FD6F009A34F00426AF9E4F9FA85CBBF1F,17147912120,1073461,uosmo,4590997855814,287416942,1.4992950350061718
4712448,osmo1yglld3aary7lnrrn2dz7la84kmnmen4kpsxzay,712,/osmosis.gamm.v1beta1.MsgExitPool,496607297830491808628062,123062641363027132416,496484235189128781495646,0,4832974,1294019574,ibc/D1542AA8762DB13087D8364F3EA6509FD6F009A34F00426AF9E4F9FA85CBBF1F,17148985581,1609477,uosmo,4591285272756,430934229,1.4992950350061718
4712453,osmo1yglld3aary7lnrrn2dz7la84kmnmen4kpsxzay,712,/osmosis.gamm.v1beta1.MsgExitPool,496347486169351675473297,184527594535579287552,496162958574816096185745,0,7245696,1940042140,ibc/D1542AA8762DB13087D8364F3EA6509FD6F009A34F00426AF9E4F9FA85CBBF1F,17150511528,2412961,uosmo,4591738617024,646072578,1.4992950350061718
4712461,osmo1yglld3aary7lnrrn2dz7la84kmnmen4kpsxzay,712,/osmosis.gamm.v1beta1.MsgExitPool,495957891170752501651684,276432398803105579008,495681458771949396072676,0,10839144,2909052453,ibc/D1542AA8762DB13087D8364F3EA6509FD6F009A34F00426AF9E4F9FA85CBBF1F,17134517221,3609651,uosmo,4597328961637,968772265,1.4992950350061718
4712463,osmo18qx59wy8s3ytax3e0akna934e86mw776vlzjtq,1,/osmosis.gamm.v1beta1.MsgExitPool,385090034764078378098723539,333904631750010333036544,384756130132328367765686995,0,6650624578,53437062730,ibc/27394FB092D2ECCD56123C74F36E4C1F926001CEADA9CA97EA622B25F41E5EB2,5359885279957,2215171463,uosmo,41701600552107,17798667633,1.4994239382520917
4712466,osmo1yglld3aary7lnrrn2dz7la84kmnmen4kpsxzay,712,/osmosis.gamm.v1beta1.MsgExitPool,495373564537645836606023,414484954920478244864,494959079582725358361159,0,16246664,4360343948,ibc/D1542AA8762DB13087D8364F3EA6509FD6F009A34F00426AF9E4F9FA85CBBF1F,17138126872,5410462,uosmo,4598297733902,1452081168,1.4992950350061718
4712468,osmo18qx59wy8s3ytax3e0akna934e86mw776vlzjtq,1,/osmosis.gamm.v1beta1.MsgExitPool,384490465181027922300781023,500667847265886010343424,383989797333762036290437599,0,9965828081,80074364689,ibc/27394FB092D2ECCD56123C74F36E4C1F926001CEADA9CA97EA622B25F41E5EB2,5362105151051,3319390188,uosmo,41719361534197,26670945786,1.4994239382520917
4712472,osmo1yglld3aary7lnrrn2dz7la84kmnmen4kpsxzay,712,/osmosis.gamm.v1beta1.MsgExitPool,494496451213127193184411,621464512113021419520,493874986701014171764891,0,24347032,6534352648,ibc/D1542AA8762DB13087D8364F3EA6509FD6F009A34F00426AF9E4F9FA85CBBF1F,17143537334,8108046,uosmo,4599749815070,2176069258,1.4992950350061718
4712473,osmo18qx59wy8s3ytax3e0akna934e86mw776vlzjtq,1,/osmosis.gamm.v1beta1.MsgExitPool,383589203575695073936959157,750568076023669807120384,382838635499671404129838773,0,14926279386,119924634052,ibc/27394FB092D2ECCD56123C74F36E4C1F926001CEADA9CA97EA622B25F41E5EB2,5365569415562,4971603457,uosmo,41744871277212,39944162224,1.4994239382520917
4712478,osmo1yglld3aary7lnrrn2dz7la84kmnmen4kpsxzay,712,/osmosis.gamm.v1beta1.MsgExitPool,493179161434970534259479,931762411349367062528,492247399023621167196951,0,36475115,9789335559,ibc/D1542AA8762DB13087D8364F3EA6509FD6F009A34F00426AF9E4F9FA85CBBF1F,17151645380,12146938,uosmo,4601925884328,3260043238,1.4992950350061718
4712482,osmo1yglld3aary7lnrrn2dz7la84kmnmen4kpsxzay,712,/osmosis.gamm.v1beta1.MsgExitPool,491199265369948669171811,1396899874037750824960,489802365495910918346851,0,54602987,14663612688,ibc/D1542AA8762DB13087D8364F3EA6509FD6F009A34F00426AF9E4F9FA85CBBF1F,17163792318,18183880,uosmo,4605185927566,4883274366,1.4992950350061718
4712486,osmo1yglld3aary7lnrrn2dz7la84kmnmen4kpsxzay,712,/osmosis.gamm.v1beta1.MsgExitPool,488220099291231228083883,2093969014256809017344,486126130276974419066539,0,81705984,21943078936,ibc/D1542AA8762DB13087D8364F3EA6509FD6F009A34F00426AF9E4F9FA85CBBF1F,17176824579,27209717,uosmo,4611455042299,7307481256,1.4992950350061718
4712487,osmo18qx59wy8s3ytax3e0akna934e86mw776vlzjtq,1,/osmosis.gamm.v1beta1.MsgExitPool,382536345657245073913344132,561092003331641085788160,381975253653913432827555972,0,11144140873,89636259312,ibc/27394FB092D2ECCD56123C74F36E4C1F926001CEADA9CA97EA622B25F41E5EB2,5367668370942,3711859323,uosmo,41808116681041,29855794945,1.4994239382520917
4712491,osmo1yglld3aary7lnrrn2dz7la84kmnmen4kpsxzay,712,/osmosis.gamm.v1beta1.MsgExitPool,483729732374203378139888,3138491315951709978624,480591241058251668161264,0,122143769,32803109944,ibc/D1542AA8762DB13087D8364F3EA6509FD6F009A34F00426AF9E4F9FA85CBBF1F,17204034296,40676302,uosmo,4618762523555,10924087352,1.4992950350061718
4712494,osmo18qx59wy8s3ytax3e0akna934e86mw776vlzjtq,1,/osmosis.gamm.v1beta1.MsgExitPool,381519206625445491945090466,841490398002549102739456,380677716227442942842351010,0,16696887031,134275681500,ibc/27394FB092D2ECCD56123C74F36E4C1F926001CEADA9CA97EA622B25F41E5EB2,5371836030602,5561352507,uosmo,41834313992206,44724169033,1.4994239382520917
4712521,osmo18qx59wy8s3ytax3e0akna934e86mw776vlzjtq,1,/osmosis.gamm.v1beta1.MsgExitPool,380505680278945254778416999,314295992414669266485248,380191384286530585511931751,0,6218193072,50258046121,ibc/27394FB092D2ECCD56123C74F36E4C1F926001CEADA9CA97EA622B25F41E5EB2,5364412465452,2071138385,uosmo,41984179430510,16739809658,1.4994239382520917
4712526,osmo18qx59wy8s3ytax3e0akna934e86mw776vlzjtq,1,/osmosis.gamm.v1beta1.MsgExitPool,379932453473259862612144834,471378086950428469100544,379461075386309434143044290,0,9320427316,75331170635,ibc/27394FB092D2ECCD56123C74F36E4C1F926001CEADA9CA97EA622B25F41E5EB2,5366498060936,3104421904,uosmo,42000802874722,25091095955,1.4994239382520917
4712535,osmo18qx59wy8s3ytax3e0akna934e86mw776vlzjtq,1,/osmosis.gamm.v1beta1.MsgExitPool,379266322010325148377491803,352628627703963670544384,378913693382621184706947419,0,6964587434,56366759205,ibc/27394FB092D2ECCD56123C74F36E4C1F926001CEADA9CA97EA622B25F41E5EB2,5366095635364,2319745335,uosmo,42054353442356,18774482754,1.4994239382520917
4712541,osmo18qx59wy8s3ytax3e0akna934e86mw776vlzjtq,1,/osmosis.gamm.v1beta1.MsgExitPool,378620445385415437681143857,528889947770433740734464,378091555437645003940409393,0,10439062417,84482887979,ibc/27394FB092D2ECCD56123C74F36E4C1F926001CEADA9CA97EA622B25F41E5EB2,5368546327098,3477013760,uosmo,42072070274176,28139324412,1.4994239382520917
4712589,osmo18qx59wy8s3ytax3e0akna934e86mw776vlzjtq,1,/osmosis.gamm.v1beta1.MsgExitPool,377975989350853480316130563,197736713990270082875392,377778252636863210233255171,0,3897634521,31612306636,ibc/27394FB092D2ECCD56123C74F36E4C1F926001CEADA9CA97EA622B25F41E5EB2,5366328139830,1298213223,uosmo,42145352471445,10529338818,1.4994239382520917
4712594,osmo18qx59wy8s3ytax3e0akna934e86mw776vlzjtq,1,/osmosis.gamm.v1beta1.MsgExitPool,377612481705860444406834029,296516425439641004408832,377315965280420803402425197,0,5842467244,47386689068,ibc/27394FB092D2ECCD56123C74F36E4C1F926001CEADA9CA97EA622B25F41E5EB2,5367605876948,1945992675,uosmo,42156048218040,15783426069,1.4994239382520917
4712598,osmo18qx59wy8s3ytax3e0akna934e86mw776vlzjtq,1,/osmosis.gamm.v1beta1.MsgExitPool,377066633661899075713489309,444534864325180865380352,376622098797573894848108957,0,8754299239,70999395859,ibc/27394FB092D2ECCD56123C74F36E4C1F926001CEADA9CA97EA622B25F41E5EB2,5369701954329,2915857545,uosmo,42170617121136,23648280509,1.4994239382520917
4712612,osmo18qx59wy8s3ytax3e0akna934e86mw776vlzjtq,1,/osmosis.gamm.v1beta1.MsgExitPool,376434518783465655590154700,332761486354105547882496,376101757297111550042272204,0,6545747269,53162400787,ibc/27394FB092D2ECCD56123C74F36E4C1F926001CEADA9CA97EA622B25F41E5EB2,5368991693094,2180239222,uosmo,42223777928970,17707184000,1.4994239382520917
4712618,osmo18qx59wy8s3ytax3e0akna934e86mw776vlzjtq,1,/osmosis.gamm.v1beta1.MsgExitPool,375819492572540265367658113,498942426025226296885248,375320550146515039070772865,0,9809110391,79655959138,ibc/27394FB092D2ECCD56123C74F36E4C1F926001CEADA9CA97EA622B25F41E5EB2,5371509942834,3267191098,uosmo,42238745685874,26531584433,1.4994239382520917
4712635,osmo18qx59wy8s3ytax3e0akna934e86mw776vlzjtq,1,/osmosis.gamm.v1beta1.MsgExitPool,375106287916400608657877520,373530211211220992655360,374732757705189387665222160,0,7333654279,59657698285,ibc/27394FB092D2ECCD56123C74F36E4C1F926001CEADA9CA97EA622B25F41E5EB2,5370272726164,2442673089,uosmo,42301565292404,19870619553,1.4994239382520917
4712653,osmo18qx59wy8s3ytax3e0akna934e86mw776vlzjtq,1,/osmosis.gamm.v1beta1.MsgExitPool,374573462248395017834217548,139435283632631800922112,374434026964762386033295436,0,2735472633,22271080129,ibc/27394FB092D2ECCD56123C74F36E4C1F926001CEADA9CA97EA622B25F41E5EB2,5370548380192,911123586,uosmo,42339157271944,7417989178,1.4994239382520917
4712657,osmo18qx59wy8s3ytax3e0akna934e86mw776vlzjtq,1,/osmosis.gamm.v1beta1.MsgExitPool,374434026964762386033295436,139435283632631800922112,374294591681129754232373324,0,2735476702,22271047070,ibc/27394FB092D2ECCD56123C74F36E4C1F926001CEADA9CA97EA622B25F41E5EB2,5371494212505,911124942,uosmo,42346293241196,7417978167,1.4994239382520917
4712662,osmo18qx59wy8s3ytax3e0akna934e86mw776vlzjtq,1,/osmosis.gamm.v1beta1.MsgExitPool,374055077932356773127596284,418056230442181958041600,373637021701914591169554684,0,8197192920,66737654485,ibc/27394FB092D2ECCD56123C74F36E4C1F926001CEADA9CA97EA622B25F41E5EB2,5372416302166,2730298128,uosmo,42353622132909,22228791593,1.4994239382520917
4712706,osmo18qx59wy8s3ytax3e0akna934e86mw776vlzjtq,1,/osmosis.gamm.v1beta1.MsgExitPool,373456885724787899064460903,312980923771789290504192,373143904801016109773956711,0,6130769768,49973827312,ibc/27394FB092D2ECCD56123C74F36E4C1F926001CEADA9CA97EA622B25F41E5EB2,5371549536386,2042019675,uosmo,42405234701701,16645142851,1.4994239382520917
4712718,osmo18qx59wy8s3ytax3e0akna934e86mw776vlzjtq,1,/osmosis.gamm.v1beta1.MsgExitPool,372872827950928946320532898,469591590064356721688576,372403236360864589598844322,0,9192920525,74936017460,ibc/27394FB092D2ECCD56123C74F36E4C1F926001CEADA9CA97EA622B25F41E5EB2,5374058218934,3061952298,uosmo,42418104988119,24959479439,1.4994239382520917
4712740,osmo18qx59wy8s3ytax3e0akna934e86mw776vlzjtq,1,/osmosis.gamm.v1beta1.MsgExitPool,372198347358396066616898876,351468513457415192051712,371846878844938651424847164,0,6871653635,56108329576,ibc/27394FB092D2ECCD56123C74F36E4C1F926001CEADA9CA97EA622B25F41E5EB2,5372818337651,2288791204,uosmo,42478085016992,18688405735,1.4994239382520917
4712746,osmo18qx59wy8s3ytax3e0akna934e86mw776vlzjtq,1,/osmosis.gamm.v1beta1.MsgExitPool,371539967419161229587707738,526840826244669366075392,371013126592916560221632346,0,10293533440,84048243048,ibc/27394FB092D2ECCD56123C74F36E4C1F926001CEADA9CA97EA622B25F41E5EB2,5375117949244,3428541374,uosmo,42496685366164,27994554092,1.4994239382520917
4712753,osmo18qx59wy8s3ytax3e0akna934e86mw776vlzjtq,1,/osmosis.gamm.v1beta1.MsgExitPool,370550654144502970062314177,789592661360423607468032,369761061483142546454846145,0,15412109765,125836824999,ibc/27394FB092D2ECCD56123C74F36E4C1F926001CEADA9CA97EA622B25F41E5EB2,5378656490618,5133422483,uosmo,42523791717826,41913378275,1.4994239382520917
4712777,osmo1hq8tlgq0kqz9e56532zghdhz7g8gtjymdltqer,678,/osmosis.gamm.v1beta1.MsgExitPool,2970374352546074463898769,5859784998381584384,2970368492761076082314385,0,44916677,39042097,ibc/D189335C6E4A68B513C10AB227BF1C1D38C746766278BA3EEB4FB14124F1D858,14379051646689,14960029,uosmo,13908155416635,13003431,1.4993892669642943
4712777,osmo18qx59wy8s3ytax3e0akna934e86mw776vlzjtq,1,/osmosis.gamm.v1beta1.MsgExitPool,369412133051493219425326941,590720712305741439959040,368821412339187477985367901,0,11513835147,94136538215,ibc/27394FB092D2ECCD56123C74F36E4C1F926001CEADA9CA97EA622B25F41E5EB2,5380317713040,3834996059,uosmo,42594268545890,31354735275,1.4994239382520917
4712785,osmo1hq8tlgq0kqz9e56532zghdhz7g8gtjymdltqer,678,/osmosis.gamm.v1beta1.MsgExitPool,2970364117320843521259884,8805162654249069568,2970355312158189272190316,0,67474395,58682995,ibc/D189335C6E4A68B513C10AB227BF1C1D38C746766278BA3EEB4FB14124F1D858,14373425167762,22473143,uosmo,13913083675708,19545064,1.4993892669642943
4712792,osmo1hq8tlgq0kqz9e56532zghdhz7g8gtjymdltqer,678,/osmosis.gamm.v1beta1.MsgExitPool,2970348751421638806651553,13203328536015050752,2970335548093102791600801,0,101177429,87994961,ibc/D189335C6E4A68B513C10AB227BF1C1D38C746766278BA3EEB4FB14124F1D858,14373432247002,33698336,uosmo,13913116708940,29307759,1.4993892669642943
4712792,osmo18qx59wy8s3ytax3e0akna934e86mw776vlzjtq,1,/osmosis.gamm.v1beta1.MsgExitPool,368558452457004589736815701,442418733428278940401664,368116033723576310796414037,0,8611966528,70516602305,ibc/27394FB092D2ECCD56123C74F36E4C1F926001CEADA9CA97EA622B25F41E5EB2,5380341546945,2868449763,uosmo,42656930949506,23487472981,1.4994239382520917
4712798,osmo1hq8tlgq0kqz9e56532zghdhz7g8gtjymdltqer,678,/osmosis.gamm.v1beta1.MsgExitPool,2970325710058498721265546,19798379940874813440,2970305911678557846452106,0,151714861,131948021,ibc/D189335C6E4A68B513C10AB227BF1C1D38C746766278BA3EEB4FB14124F1D858,14373455507337,50530423,uosmo,13913155112926,43946844,1.4993892669642943
4712806,osmo18qx59wy8s3ytax3e0akna934e86mw776vlzjtq,1,/osmosis.gamm.v1beta1.MsgExitPool,367918439429549504447924176,330911499799244927139840,367587527929750259520784336,0,6437250881,52733399600,ibc/27394FB092D2ECCD56123C74F36E4C1F926001CEADA9CA97EA622B25F41E5EB2,5382066693725,2144101548,uosmo,42689904969630,17564293483,1.4994239382520917
4712806,osmo1hq8tlgq0kqz9e56532zghdhz7g8gtjymdltqer,678,/osmosis.gamm.v1beta1.MsgExitPool,2970289840907301590217589,29651726743281627136,2970260189180558308590453,0,226945970,197854199,ibc/D189335C6E4A68B513C10AB227BF1C1D38C746766278BA3EEB4FB14124F1D858,14355173961727,75587031,uosmo,13929201963591,65897673,1.4993892669642943
4712806,osmo1jdh7eeyaar0tyask0r6w2228uh5wrd0pxtcfwr,678,/osmosis.gamm.v1beta1.MsgExitPool,2970260189180558308590453,4499903461885128192,2970255689277096423462261,0,34440994,30026069,ibc/D189335C6E4A68B513C10AB227BF1C1D38C746766278BA3EEB4FB14124F1D858,14355249548758,11470979,uosmo,13929267861264,10000537,1.4993892669642943
4712815,osmo1hq8tlgq0kqz9e56532zghdhz7g8gtjymdltqer,678,/osmosis.gamm.v1beta1.MsgExitPool,2970227197159753396174546,44462754126819508224,2970182734405626576666322,0,340300029,296681277,ibc/D189335C6E4A68B513C10AB227BF1C1D38C746766278BA3EEB4FB14124F1D858,14355201175343,113340936,uosmo,13929330269316,98813196,1.4993892669642943
4712815,osmo1jdh7eeyaar0tyask0r6w2228uh5wrd0pxtcfwr,678,/osmosis.gamm.v1beta1.MsgExitPool,2970182734405626576666322,9796025455254321152,2970172938380171322345170,0,74974837,65364762,ibc/D189335C6E4A68B513C10AB227BF1C1D38C746766278BA3EEB4FB14124F1D858,14355314516279,24971254,uosmo,13929429082512,21770505,1.4993892669642943
4712823,osmo1jdh7eeyaar0tyask0r6w2228uh5wrd0pxtcfwr,2,/osmosis.gamm.v1beta1.MsgExitPool,546714495362125527773627471,58804733673234283626496,546655690628452293490000975,0,239828,48318914,uion,1344100108,96983,uosmo,270792659469,19539418,1.6789353284084114
4712826,osmo1hq8tlgq0kqz9e56532zghdhz7g8gtjymdltqer,678,/osmosis.gamm.v1beta1.MsgExitPool,2970139806851846993688633,66671533226829045760,2970073135318620164642873,0,510279666,444858964,ibc/D189335C6E4A68B513C10AB227BF1C1D38C746766278BA3EEB4FB14124F1D858,14355586113187,169954657,uosmo,13929237260969,148165522,1.4993892669642943
4712832,osmo1jdh7eeyaar0tyask0r6w2228uh5wrd0pxtcfwr,678,/osmosis.gamm.v1beta1.MsgExitPool,2970054866440692414796546,38209851774345322496,2970016656588918069474050,0,292275495,255095590,ibc/D189335C6E4A68B513C10AB227BF1C1D38C746766278BA3EEB4FB14124F1D858,14347097369019,97345799,uosmo,13936960061687,84962593,1.4993892669642943
4712836,osmo1hq8tlgq0kqz9e56532zghdhz7g8gtjymdltqer,678,/osmosis.gamm.v1beta1.MsgExitPool,2969671102198209789597265,99902973254955794432,2969571199224954833802833,0,764133972,666964895,ibc/D189335C6E4A68B513C10AB227BF1C1D38C746766278BA3EEB4FB14124F1D858,14345602979744,254503826,uosmo,13936236912332,222140520,1.4993892669642943
4712837,osmo18qx59wy8s3ytax3e0akna934e86mw776vlzjtq,1,/osmosis.gamm.v1beta1.MsgExitPool,367438859635569088655850438,247835834599981661028352,367191023800969106994822086,0,4819213181,39485874450,ibc/27394FB092D2ECCD56123C74F36E4C1F926001CEADA9CA97EA622B25F41E5EB2,5383644513148,1605170069,uosmo,42712165178706,13151844799,1.4994239382520917
4712841,osmo18qx59wy8s3ytax3e0akna934e86mw776vlzjtq,1,/osmosis.gamm.v1beta1.MsgExitPool,366967769986129472611197729,371668321561739180113920,366596101664567733431083809,0,7223764310,59187061551,ibc/27394FB092D2ECCD56123C74F36E4C1F926001CEADA9CA97EA622B25F41E5EB2,5385363211161,2406071245,uosmo,42724388705324,19713861184,1.4994239382520917
4712843,osmo1hq8tlgq0kqz9e56532zghdhz7g8gtjymdltqer,678,/osmosis.gamm.v1beta1.MsgExitPool,2969496725210246449254105,149814081617482809344,2969346911128628966444761,0,1145967846,1000061517,ibc/D189335C6E4A68B513C10AB227BF1C1D38C746766278BA3EEB4FB14124F1D858,14347241483570,381678098,uosmo,13935253571393,333082275,1.4993892669642943
4712846,osmo1jdh7eeyaar0tyask0r6w2228uh5wrd0pxtcfwr,704,/osmosis.gamm.v1beta1.MsgExitPool,408593145372238917116842,2857247205203222528,408590288125033713894314,0,32014949074096627,50951139,ibc/EA1D43981D5C9A1C4AAEA9C23BB1D4FA126BA9BC7020A25E0AE4AA841EA25DC5,3533115899518471489201,10662758033339831,uosmo,5550733150261,16969563,1.4993753574509938
4712847,osmo18qx59wy8s3ytax3e0akna934e86mw776vlzjtq,1,/osmosis.gamm.v1beta1.MsgExitPool,366260292987884760566954100,556959830927260442951680,365703333156957500124002420,0,10817495861,88630992681,ibc/27394FB092D2ECCD56123C74F36E4C1F926001CEADA9CA97EA622B25F41E5EB2,5387794704407,3603061314,uosmo,42743894691962,29520963543,1.4994239382520917
4712849,osmo1hq8tlgq0kqz9e56532zghdhz7g8gtjymdltqer,678,/osmosis.gamm.v1beta1.MsgExitPool,2969235216433946413972652,224630373499055472640,2969010586060447358500012,0,1718187778,1499434272,ibc/D189335C6E4A68B513C10AB227BF1C1D38C746766278BA3EEB4FB14124F1D858,14347578560304,572262690,uosmo,13935625654437,499404257,1.4993892669642943
4712855,osmo1jdh7eeyaar0tyask0r6w2228uh5wrd0pxtcfwr,678,/osmosis.gamm.v1beta1.MsgExitPool,2968818701343590926537820,49009778015494725632,2968769691565575431812188,0,374865440,327110830,ibc/D189335C6E4A68B513C10AB227BF1C1D38C746766278BA3EEB4FB14124F1D858,14348803137962,124853353,uosmo,13935557021677,108948118,1.4993892669642943
4712856,osmo1hq8tlgq0kqz9e56532zghdhz7g8gtjymdltqer,678,/osmosis.gamm.v1beta1.MsgExitPool,2968769691565575431812188,336733290348769247232,2968432958275226662564956,0,2575601813,2247492451,ibc/D189335C6E4A68B513C10AB227BF1C1D38C746766278BA3EEB4FB14124F1D858,14348927991315,857834540,uosmo,13935665969795,748553850,1.4993892669642943
4712861,osmo1jdh7eeyaar0tyask0r6w2228uh5wrd0pxtcfwr,678,/osmosis.gamm.v1beta1.MsgExitPool,2968142530764382117396949,78417472500269236224,2968064113291881848160725,0,599739860,523338273,ibc/D189335C6E4A68B513C10AB227BF1C1D38C746766278BA3EEB4FB14124F1D858,14349784718284,199750429,uosmo,13936415495509,174303980,1.4993892669642943
4712864,osmo1hq8tlgq0kqz9e56532zghdhz7g8gtjymdltqer,678,/osmosis.gamm.v1beta1.MsgExitPool,2968064113291881848160725,505038484487313162240,2967559074807394534998485,0,3860699073,3372120959,ibc/D189335C6E4A68B513C10AB227BF1C1D38C746766278BA3EEB4FB14124F1D858,14342694659989,1285851328,uosmo,13942966764494,1123124629,1.4993892669642943
4712865,osmo18qx59wy8s3ytax3e0akna934e86mw776vlzjtq,1,/osmosis.gamm.v1beta1.MsgExitPool,365197028025750650743446348,835075447298546049482752,364361952578452104693963596,0,16207456512,132703062478,ibc/27394FB092D2ECCD56123C74F36E4C1F926001CEADA9CA97EA622B25F41E5EB2,5393115615083,5398334357,uosmo,42759387113215,44200365481,1.4994239382520917
4712869,osmo1jdh7eeyaar0tyask0r6w2228uh5wrd0pxtcfwr,678,/osmosis.gamm.v1beta1.MsgExitPool,2967123132615953748116705,117694183462987120640,2967005438432490760996065,0,899607961,785686448,ibc/D189335C6E4A68B513C10AB227BF1C1D38C746766278BA3EEB4FB14124F1D858,14344707092724,299625035,uosmo,13943456556859,261682132,1.4993892669642943
4712871,osmo1hq8tlgq0kqz9e56532zghdhz7g8gtjymdltqer,678,/osmosis.gamm.v1beta1.MsgExitPool,2967005438432490760996065,757261969397719498752,2966248176463093041497313,0,5788212096,5055224057,ibc/D189335C6E4A68B513C10AB227BF1C1D38C746766278BA3EEB4FB14124F1D858,14345006717759,1927832258,uosmo,13943718238991,1683701953,1.4993892669642943
4712876,osmo1jdh7eeyaar0tyask0r6w2228uh5wrd0pxtcfwr,678,/osmosis.gamm.v1beta1.MsgExitPool,2965593401847338094960388,176558464441570983936,2965416843382896523976452,0,1349243788,1178386678,ibc/D189335C6E4A68B513C10AB227BF1C1D38C746766278BA3EEB4FB14124F1D858,14346934550017,449381546,uosmo,13945401940944,392475572,1.4993892669642943
4712878,osmo1hq8tlgq0kqz9e56532zghdhz7g8gtjymdltqer,678,/osmosis.gamm.v1beta1.MsgExitPool,2965416843382896523976452,1135427830003370819584,2964281415552893153156868,0,8676891979,7578025288,ibc/D189335C6E4A68B513C10AB227BF1C1D38C746766278BA3EEB4FB14124F1D858,14347455848306,2889941139,uosmo,13945731831044,2523950636,1.4993892669642943
4712882,osmo18qx59wy8s3ytax3e0akna934e86mw776vlzjtq,1,/osmosis.gamm.v1beta1.MsgExitPool,363597097352398188948827068,1251121399233187338518528,362345975953165001610308540,0,24246883629,198477008307,ibc/27394FB092D2ECCD56123C74F36E4C1F926001CEADA9CA97EA622B25F41E5EB2,5399168348235,8076084291,uosmo,42798240961841,66108167686,1.4994239382520917
4712883,osmo1jdh7eeyaar0tyask0r6w2228uh5wrd0pxtcfwr,678,/osmosis.gamm.v1beta1.MsgExitPool,2963302337274874549178621,255083322201275039744,2963047253952673274138877,0,1948696731,1701906041,ibc/D189335C6E4A68B513C10AB227BF1C1D38C746766278BA3EEB4FB14124F1D858,14350355153179,649036414,uosmo,13948247622383,566839866,1.4993892669642943
4712885,osmo1hq8tlgq0kqz9e56532zghdhz7g8gtjymdltqer,678,/osmosis.gamm.v1beta1.MsgExitPool,2963047253952673274138877,1702666661702394970112,2961344587290970879168765,0,13007439804,11360125988,ibc/D189335C6E4A68B513C10AB227BF1C1D38C746766278BA3EEB4FB14124F1D858,14351004189593,4332281131,uosmo,13948814462249,3783623850,1.4993892669642943
4712891,osmo1hq8tlgq0kqz9e56532zghdhz7g8gtjymdltqer,678,/osmosis.gamm.v1beta1.MsgExitPool,2960063907173713399318453,2552936916395447812096,2957510970257317951506357,0,19495677874,17024937881,ibc/D189335C6E4A68B513C10AB227BF1C1D38C746766278BA3EEB4FB14124F1D858,14354770443479,6493265290,uosmo,13953093437659,5670356215,1.4993892669642943
4712894,osmo1jdh7eeyaar0tyask0r6w2228uh5wrd0pxtcfwr,678,/osmosis.gamm.v1beta1.MsgExitPool,2957313103302878735389141,392711203405349191680,2956920392099473386197461,0,2995148678,2621897199,ibc/D189335C6E4A68B513C10AB227BF1C1D38C746766278BA3EEB4FB14124F1D858,14342965465264,997569568,uosmo,13974794443254,873253764,1.4993892669642943
4712901,osmo1hq8tlgq0kqz9e56532zghdhz7g8gtjymdltqer,678,/osmosis.gamm.v1beta1.MsgExitPool,2954992687772053223068732,3823776538161481515008,2951168911233891741553724,0,29149894034,25508123030,ibc/D189335C6E4A68B513C10AB227BF1C1D38C746766278BA3EEB4FB14124F1D858,14344126077100,9708715765,uosmo,13975525303101,8495781011,1.4993892669642943
4712907,osmo1hq8tlgq0kqz9e56532zghdhz7g8gtjymdltqer,678,/osmosis.gamm.v1beta1.MsgExitPool,2948205501550960080283367,5733226450711901896704,2942472275100248178386663,0,43637167079,38231598751,ibc/D189335C6E4A68B513C10AB227BF1C1D38C746766278BA3EEB4FB14124F1D858,14344704817760,14533872798,uosmo,13992034886920,12733484557,1.4993892669642943
4712916,osmo1jfxcl8ja3nnfjduqemptknz2j6nk6502zp3rte,561,/osmosis.gamm.v1beta1.MsgExitPool,1697431728303180408551987,43873232858434822144,1697387855070321973729843,0,24273580923,1015458,ibc/0EF15DF2F02480ADE0BB6E85D9EBB5DAEA2836D3860E9F97F9AADE4F57A31AA0,630696937156087,7963377668,uosmo,26413674915,333139,1.4882451520341322
4712917,osmo1jdh7eeyaar0tyask0r6w2228uh5wrd0pxtcfwr,678,/osmosis.gamm.v1beta1.MsgExitPool,2937869994296166992840991,392711203596956532736,2937477283092570036308255,0,2984887476,2614528576,ibc/D189335C6E4A68B513C10AB227BF1C1D38C746766278BA3EEB4FB14124F1D858,14358228129062,994151954,uosmo,14005655465204,870799557,1.4993892669642943
4712919,osmo1hq8tlgq0kqz9e56532zghdhz7g8gtjymdltqer,678,/osmosis.gamm.v1beta1.MsgExitPool,2937477283092570036308255,8595729162725851398144,2928881553929844184910111,0,65333721306,57227243149,ibc/D189335C6E4A68B513C10AB227BF1C1D38C746766278BA3EEB4FB14124F1D858,14359222281016,21760165896,uosmo,14006526264761,19060207804,1.4993892669642943
4712922,osmo1tg70tuzekpd376dpqr68yx5a7r709w6x8jtxha,637,/osmosis.gamm.v1beta1.MsgExitPool,959064338802816691376633,4976506245739330560,959059362296570952046073,0,101787093,251972,ibc/346786EA82F41FE55FAD14BF69AD8BA9B36985406E43F3CB23E6C45A285A9593,13081929074289,33906388,uosmo,32384093003,83935,1.4994996301926782
4712926,osmo18qx59wy8s3ytax3e0akna934e86mw776vlzjtq,1,/osmosis.gamm.v1beta1.MsgExitPool,362579744364309214514052256,156028094829409266040832,362423716269479805248011424,0,3016258636,24814682691,ibc/27394FB092D2ECCD56123C74F36E4C1F926001CEADA9CA97EA622B25F41E5EB2,5397547654409,1004647004,uosmo,42994017196203,8265205217,1.4994239382520917
4712926,osmo1jfxcl8ja3nnfjduqemptknz2j6nk6502zp3rte,561,/osmosis.gamm.v1beta1.MsgExitPool,1697355237207277973112974,65788671341838794752,1697289448535936134318222,0,36086612929,1535838,ibc/0EF15DF2F02480ADE0BB6E85D9EBB5DAEA2836D3860E9F97F9AADE4F57A31AA0,625307084103134,11838851813,uosmo,26642359750,503859,1.4882451520341322
4712929,osmo1hq8tlgq0kqz9e56532zghdhz7g8gtjymdltqer,678,/osmosis.gamm.v1beta1.MsgExitPool,2921880478880892899027219,12885136620860389457920,2908995342260032509569299,0,97717673967,85590426561,ibc/D189335C6E4A68B513C10AB227BF1C1D38C746766278BA3EEB4FB14124F1D858,14381214294551,32546023003,uosmo,14025384040601,28506900324,1.4993892669642943
4712934,osmo1jfxcl8ja3nnfjduqemptknz2j6nk6502zp3rte,561,/osmosis.gamm.v1beta1.MsgExitPool,1697240814626323267640386,98073105763261841408,1697142741520560005798978,0,53794626600,2289420,ibc/0EF15DF2F02480ADE0BB6E85D9EBB5DAEA2836D3860E9F97F9AADE4F57A31AA0,625328144493973,17648278987,uosmo,26642471933,751085,1.4882451520341322
4712935,osmo1tg70tuzekpd376dpqr68yx5a7r709w6x8jtxha,641,/osmosis.gamm.v1beta1.MsgExitPool,22111101095135054506252221,14959447742216411136,22111086135687312289841085,0,13293578,355320,ibc/67795E528DF67C5606FC20F824EA39A6EF55BA133F4DC79C90A8C47A0901E17C,13119887782502,4428161,uosmo,350687183960,118359,1.499487022563364
4712937,osmo1jdh7eeyaar0tyask0r6w2228uh5wrd0pxtcfwr,678,/osmosis.gamm.v1beta1.MsgExitPool,2898759707640104356771571,591830374232399806464,2898167877265871956965107,0,4473913786,3918643418,ibc/D189335C6E4A68B513C10AB227BF1C1D38C746766278BA3EEB4FB14124F1D858,14413828525415,1490089716,uosmo,14053831317754,1305150375,1.4993892669642943
4712938,osmo1hq8tlgq0kqz9e56532zghdhz7g8gtjymdltqer,678,/osmosis.gamm.v1beta1.MsgExitPool,2898167877265871956965107,19310733498764245336064,2878857143767107711629043,0,145981958989,127857800626,ibc/D189335C6E4A68B513C10AB227BF1C1D38C746766278BA3EEB4FB14124F1D858,14415318615131,48621011966,uosmo,14055136468129,42584547414,1.4993892669642943
4712940,osmo1jfxcl8ja3nnfjduqemptknz2j6nk6502zp3rte,561,/osmosis.gamm.v1beta1.MsgExitPool,1697094093666945170752356,98073099905255800832,1696996020567039914951524,0,53793082705,2289355,ibc/0EF15DF2F02480ADE0BB6E85D9EBB5DAEA2836D3860E9F97F9AADE4F57A31AA0,625345792772960,17647772485,uosmo,26643223018,751064,1.4882451520341322
4712944,osmo1jdh7eeyaar0tyask0r6w2228uh5wrd0pxtcfwr,678,/osmosis.gamm.v1beta1.MsgExitPool,2862508479127784924264041,991754040766219812864,2861516725087018704451177,0,7460005597,6534182900,ibc/D189335C6E4A68B513C10AB227BF1C1D38C746766278BA3EEB4FB14124F1D858,14463879366377,2484642787,uosmo,14097775134636,2176286626,1.4993892669642943
4712945,osmo18qx59wy8s3ytax3e0akna934e86mw776vlzjtq,1,/osmosis.gamm.v1beta1.MsgExitPool,362279527252273983002140485,232595829185478712623104,362046931423088504289517381,0,4497234971,36963517648,ibc/27394FB092D2ECCD56123C74F36E4C1F926001CEADA9CA97EA622B25F41E5EB2,5400957057248,1497926466,uosmo,42982547996395,12311705239,1.4994239382520917
4712946,osmo1jfxcl8ja3nnfjduqemptknz2j6nk6502zp3rte,561,/osmosis.gamm.v1beta1.MsgExitPool,1696898746346908507793736,196048542954015227904,1696702697803954492565832,0,107526444809,4576168,ibc/0EF15DF2F02480ADE0BB6E85D9EBB5DAEA2836D3860E9F97F9AADE4F57A31AA0,625363440545445,35275952569,uosmo,26643974082,1501293,1.4882451520341322
4712947,osmo1tg70tuzekpd376dpqr68yx5a7r709w6x8jtxha,1,/osmosis.gamm.v1beta1.MsgExitPool,362046931423088504289517381,7288595657541539840,362046924134492846747977541,0,140924,1158286,ibc/27394FB092D2ECCD56123C74F36E4C1F926001CEADA9CA97EA622B25F41E5EB2,5402441707738,46939,uosmo,42994969038042,385799,1.4994239382520917
4712951,osmo1hq8tlgq0kqz9e56532zghdhz7g8gtjymdltqer,678,/osmosis.gamm.v1beta1.MsgExitPool,2860738980011265495978426,28930762720404165361664,2831808217290861330616762,0,217617994075,190610775088,ibc/D189335C6E4A68B513C10AB227BF1C1D38C746766278BA3EEB4FB14124F1D858,14466350480601,72480237744,uosmo,14099963294616,63485165157,1.4993892669642943
4712953,osmo1jfxcl8ja3nnfjduqemptknz2j6nk6502zp3rte,561,/osmosis.gamm.v1beta1.MsgExitPool,1696556755100488510450522,293970480589046218752,1696262784619899464231770,0,161219701465,6861275,ibc/0EF15DF2F02480ADE0BB6E85D9EBB5DAEA2836D3860E9F97F9AADE4F57A31AA0,625398716498014,52890975352,uosmo,26645475375,2250963,1.4882451520341322
4712953,osmo1jdh7eeyaar0tyask0r6w2228uh5wrd0pxtcfwr,678,/osmosis.gamm.v1beta1.MsgExitPool,2831808217290861330616762,1395380278867042500608,2830412837011994288116154,0,10493630232,9191330893,ibc/D189335C6E4A68B513C10AB227BF1C1D38C746766278BA3EEB4FB14124F1D858,14538830718345,3495027226,uosmo,14163448459773,3061281082,1.4993892669642943
4712955,osmo18qx59wy8s3ytax3e0akna934e86mw776vlzjtq,1,/osmosis.gamm.v1beta1.MsgExitPool,361830080292142047611042147,348965556182998145040384,361481114735959049466001763,0,6747480632,55405558193,ibc/27394FB092D2ECCD56123C74F36E4C1F926001CEADA9CA97EA622B25F41E5EB2,5404881183919,2247432007,uosmo,42974969028188,18454328605,1.4994239382520917
4712957,osmo1tg70tuzekpd376dpqr68yx5a7r709w6x8jtxha,1,/osmosis.gamm.v1beta1.MsgExitPool,361481114735959049466001763,10936356130124128256,361481103799602919341873507,0,211474,1736266,ibc/27394FB092D2ECCD56123C74F36E4C1F926001CEADA9CA97EA622B25F41E5EB2,5407546440739,70438,uosmo,42989999617866,578311,1.4994239382520917
4712959,osmo1jfxcl8ja3nnfjduqemptknz2j6nk6502zp3rte,561,/osmosis.gamm.v1beta1.MsgExitPool,1696043763602678524066456,440799179803550154752,1695602964422874973911704,0,241712593504,10286935,ibc/0EF15DF2F02480ADE0BB6E85D9EBB5DAEA2836D3860E9F97F9AADE4F57A31AA0,625451607473366,79298092659,uosmo,26647726338,3374812,1.4882451520341322
4712961,osmo1jdh7eeyaar0tyask0r6w2228uh5wrd0pxtcfwr,678,/osmosis.gamm.v1beta1.MsgExitPool,2804471750591733193221361,1993833811323784265728,2802477916780409408955633,0,14883744977,13034751957,ibc/D189335C6E4A68B513C10AB227BF1C1D38C746766278BA3EEB4FB14124F1D858,14543394820720,4957206683,uosmo,14165575281790,4341377766,1.4993892669642943
4712962,osmo1hq8tlgq0kqz9e56532zghdhz7g8gtjymdltqer,678,/osmosis.gamm.v1beta1.MsgExitPool,2802479347848621572540302,43339053730802226429952,2759140294117819346110350,0,323521176622,283330426378,ibc/D189335C6E4A68B513C10AB227BF1C1D38C746766278BA3EEB4FB14124F1D858,14548350634215,107752540852,uosmo,14169930373896,94366537800,1.4993892669642943
4712964,osmo1v44mqmhvtn8cw373xv0hw6npddccnr70lqsk9s,678,/osmosis.gamm.v1beta1.MsgExitPool,2759140294117819346110350,19908692962917244928,2759120385424856428865422,0,148612759,130156690,ibc/D189335C6E4A68B513C10AB227BF1C1D38C746766278BA3EEB4FB14124F1D858,14655772430680,49497231,uosmo,14264587183326,43350220,1.4993892669642943
4712965,osmo1jfxcl8ja3nnfjduqemptknz2j6nk6502zp3rte,561,/osmosis.gamm.v1beta1.MsgExitPool,1695274138047422389875852,660956713176829001728,1694613181334245560874124,0,362366240110,15421779,ibc/0EF15DF2F02480ADE0BB6E85D9EBB5DAEA2836D3860E9F97F9AADE4F57A31AA0,625530905566025,118880656022,uosmo,26651101150,5059388,1.4882451520341322
4712969,osmo1jfa3vw3r50vyww2qwklxqn6qu06d3uf7vc63qm,678,/osmosis.gamm.v1beta1.MsgExitPool,2759108149470058317279159,20087297102114594816,2759088062172956202684343,0,149948166,131321595,ibc/D189335C6E4A68B513C10AB227BF1C1D38C746766278BA3EEB4FB14124F1D858,14654803919984,49942004,uosmo,14265523964286,43738205,1.4993892669642943
4712972,osmo1tg70tuzekpd376dpqr68yx5a7r709w6x8jtxha,1,/osmosis.gamm.v1beta1.MsgExitPool,361317685956353024429056702,16406183785179848704,361317669550169239249207998,0,317094,2605888,ibc/27394FB092D2ECCD56123C74F36E4C1F926001CEADA9CA97EA622B25F41E5EB2,5405067810714,105617,uosmo,43010446641465,867962,1.4994239382520917
4712972,osmo1jfxcl8ja3nnfjduqemptknz2j6nk6502zp3rte,561,/osmosis.gamm.v1beta1.MsgExitPool,1694119197054107168653821,991056710742313926656,1693128140343364854727165,0,543184811551,23117153,ibc/0EF15DF2F02480ADE0BB6E85D9EBB5DAEA2836D3860E9F97F9AADE4F57A31AA0,625649786222047,178201387410,uosmo,26656160538,7583992,1.4882451520341322
4712972,osmo1v44mqmhvtn8cw373xv0hw6npddccnr70lqsk9s,678,/osmosis.gamm.v1beta1.MsgExitPool,2717776103591647516812759,29933008112967823360,2717746170583534548989399,0,220988587,193535288,ibc/D189335C6E4A68B513C10AB227BF1C1D38C746766278BA3EEB4FB14124F1D858,14654853861988,73602854,uosmo,14265567702491,64459209,1.4993892669642943
4712974,osmo1hq8tlgq0kqz9e56532zghdhz7g8gtjymdltqer,678,/osmosis.gamm.v1beta1.MsgExitPool,2717746170583534548989399,64864015204196542316544,2652882155379338006672855,0,478876264903,419385712121,ibc/D189335C6E4A68B513C10AB227BF1C1D38C746766278BA3EEB4FB14124F1D858,14655008968214,159495383998,uosmo,14265560925824,139681354246,1.4993892669642943
4712975,osmo1jdh7eeyaar0tyask0r6w2228uh5wrd0pxtcfwr,678,/osmosis.gamm.v1beta1.MsgExitPool,2652882155379338006672855,3013144990615552917504,2649869010388722453755351,0,22245364870,19481832809,ibc/D189335C6E4A68B513C10AB227BF1C1D38C746766278BA3EEB4FB14124F1D858,14814505027224,7409080951,uosmo,14405241690097,6488654028,1.4993892669642943
4712977,osmo18qx59wy8s3ytax3e0akna934e86mw776vlzjtq,1,/osmosis.gamm.v1beta1.MsgExitPool,361317674267604910686789569,261681358045590109290496,361055992909559320577499073,0,5056447937,41547134087,ibc/27394FB092D2ECCD56123C74F36E4C1F926001CEADA9CA97EA622B25F41E5EB2,5405482309403,1684187559,uosmo,43007050556493,13838403403,1.4994239382520917
4712978,osmo1v44mqmhvtn8cw373xv0hw6npddccnr70lqsk9s,678,/osmosis.gamm.v1beta1.MsgExitPool,2649839405283794459510153,44662073225629343744,2649794743210568830166409,0,329723978,288768624,ibc/D189335C6E4A68B513C10AB227BF1C1D38C746766278BA3EEB4FB14124F1D858,14821761950897,109818457,uosmo,14411863867402,96177794,1.4993892669642943
4712981,osmo1jfxcl8ja3nnfjduqemptknz2j6nk6502zp3rte,561,/osmosis.gamm.v1beta1.MsgExitPool,1692417496261638200221610,1421705281175622254592,1690995790980462577967018,0,775562449736,33291482,ibc/0EF15DF2F02480ADE0BB6E85D9EBB5DAEA2836D3860E9F97F9AADE4F57A31AA0,623153811675558,254436982823,uosmo,26778412843,10921860,1.4882451520341322
4712981,osmo1tg70tuzekpd376dpqr68yx5a7r709w6x8jtxha,1,/osmosis.gamm.v1beta1.MsgExitPool,361055974395167240915332860,24600283400157622272,361055949794883840757710588,0,475166,3907289,ibc/27394FB092D2ECCD56123C74F36E4C1F926001CEADA9CA97EA622B25F41E5EB2,5405218620261,158267,uosmo,43036952184308,1301429,1.4994239382520917
4712986,osmo18qx59wy8s3ytax3e0akna934e86mw776vlzjtq,1,/osmosis.gamm.v1beta1.MsgExitPool,360810206665288100668151587,392245980323357558571008,360417960684964743109580579,0,7572727081,62269170909,ibc/27394FB092D2ECCD56123C74F36E4C1F926001CEADA9CA97EA622B25F41E5EB2,5405267425009,2522302790,uosmo,43036399478912,20740441562,1.4994239382520917
4712986,osmo1v44mqmhvtn8cw373xv0hw6npddccnr70lqsk9s,678,/osmosis.gamm.v1beta1.MsgExitPool,2585722021513075566861389,66096654952008925184,2585655924858123557936205,0,480820917,420418803,ibc/D189335C6E4A68B513C10AB227BF1C1D38C746766278BA3EEB4FB14124F1D858,14833722667460,160143074,uosmo,14401610414127,140025438,1.4993892669642943
4712987,osmo1jfxcl8ja3nnfjduqemptknz2j6nk6502zp3rte,561,/osmosis.gamm.v1beta1.MsgExitPool,1689896924495602594503581,2189532104928362233856,1687707392390674232269725,0,1193661816674,51238648,ibc/0EF15DF2F02480ADE0BB6E85D9EBB5DAEA2836D3860E9F97F9AADE4F57A31AA0,623408248658381,391601877126,uosmo,26789334703,16809745,1.4882451520341322
4712988,osmo1hq8tlgq0kqz9e56532zghdhz7g8gtjymdltqer,678,/osmosis.gamm.v1beta1.MsgExitPool,2584242822124549781230267,96948812806002271322112,2487294009318547509908155,0,704988379171,616491795186,ibc/D189335C6E4A68B513C10AB227BF1C1D38C746766278BA3EEB4FB14124F1D858,14833043811449,234804688582,uosmo,14402485549272,205329858277,1.4993892669642943
4712989,osmo1jdh7eeyaar0tyask0r6w2228uh5wrd0pxtcfwr,678,/osmosis.gamm.v1beta1.MsgExitPool,2487220219874388895616644,2031041055345889509376,2485189178819043006107268,0,14769240594,12915270543,ibc/D189335C6E4A68B513C10AB227BF1C1D38C746766278BA3EEB4FB14124F1D858,15067848500031,4919069649,uosmo,14607815407549,4301583073,1.4993892669642943
4712990,osmo1tg70tuzekpd376dpqr68yx5a7r709w6x8jtxha,1,/osmosis.gamm.v1beta1.MsgExitPool,360417960186915277196016091,36888066328423010304,360417923298848948773005787,0,712173,5855911,ibc/27394FB092D2ECCD56123C74F36E4C1F926001CEADA9CA97EA622B25F41E5EB2,5407859288977,237209,uosmo,43056570923181,1950471,1.4994239382520917
4712992,osmo1v44mqmhvtn8cw373xv0hw6npddccnr70lqsk9s,678,/osmosis.gamm.v1beta1.MsgExitPool,2485189178819043006107268,99972901338905493504,2485089205917704100613764,0,726966523,635711196,ibc/D189335C6E4A68B513C10AB227BF1C1D38C746766278BA3EEB4FB14124F1D858,15072765817641,242124769,uosmo,14612118525800,211731107,1.4993892669642943
4712992,osmo1pfpk6rsgc0x7g8q7y0yre86ej2enr8rhv3p8dq,722,/osmosis.gamm.v1beta1.MsgExitPool,1735601941585749176605377,339616757349904416768,1735262324828399272188609,0,57563477257873232683,93818287,ibc/6AE98883D4D5D5FF9E50D7130F1305DA2FFA0C652D1DD9C123657C6B4EB2DF8A,198222925926056406200181,19174637199416029995,uosmo,322856825385,31251268,1.499484672373991
4712992,osmo1jfxcl8ja3nnfjduqemptknz2j6nk6502zp3rte,561,/osmosis.gamm.v1beta1.MsgExitPool,1686049698646242726606003,3282672597869857341440,1682767026048372869264563,0,1787973721264,76743200,ibc/0EF15DF2F02480ADE0BB6E85D9EBB5DAEA2836D3860E9F97F9AADE4F57A31AA0,623799850535507,586576411943,uosmo,26806144448,25176965,1.4882451520341322
4712995,osmo1jdh7eeyaar0tyask0r6w2228uh5wrd0pxtcfwr,1,/osmosis.gamm.v1beta1.MsgExitPool,360046551678738857951923975,3805729373962263068672,360042745949364895688855303,0,73414070,603742440,ibc/27394FB092D2ECCD56123C74F36E4C1F926001CEADA9CA97EA622B25F41E5EB2,5407490059678,24452554,uosmo,43059627989296,201092846,1.4994239382520917
4712997,osmo1tg70tuzekpd376dpqr68yx5a7r709w6x8jtxha,1,/osmosis.gamm.v1beta1.MsgExitPool,360042856290047989520998409,55333032416557801472,360042800957015572963196937,0,1067354,8778400,ibc/27394FB092D2ECCD56123C74F36E4C1F926001CEADA9CA97EA622B25F41E5EB2,5407654501682,355512,uosmo,43058704170828,2923885,1.4994239382520917
4712999,osmo1v44mqmhvtn8cw373xv0hw6npddccnr70lqsk9s,678,/osmosis.gamm.v1beta1.MsgExitPool,2484980033342160425575399,149753336488385019904,2484830280005672040555495,0,1088623098,952497991,ibc/D189335C6E4A68B513C10AB227BF1C1D38C746766278BA3EEB4FB14124F1D858,15069026534543,362578754,uosmo,14615847908782,317240682,1.4993892669642943
4713000,osmo1jfxcl8ja3nnfjduqemptknz2j6nk6502zp3rte,561,/osmosis.gamm.v1beta1.MsgExitPool,1680259124217853969098927,4920954176366476001280,1675338170041487493097647,0,2676463086232,114878837,ibc/0EF15DF2F02480ADE0BB6E85D9EBB5DAEA2836D3860E9F97F9AADE4F57A31AA0,624413417352054,878061067201,uosmo,26830165201,37688035,1.4882451520341322
4713002,osmo1jdh7eeyaar0tyask0r6w2228uh5wrd0pxtcfwr,678,/osmosis.gamm.v1beta1.MsgExitPool,2482377872445770736853064,3092658744513968734208,2479285213701256768118856,0,22458850048,19668990023,ibc/D189335C6E4A68B513C10AB227BF1C1D38C746766278BA3EEB4FB14124F1D858,15068305598095,7480184706,uosmo,14617115149464,6550988944,1.4993892669642943
4713003,osmo1pfpk6rsgc0x7g8q7y0yre86ej2enr8rhv3p8dq,722,/osmosis.gamm.v1beta1.MsgExitPool,1735002752821660844296299,509247534248587034624,1734493505287412257261675,0,86340817698276558355,140596224,ibc/6AE98883D4D5D5FF9E50D7130F1305DA2FFA0C652D1DD9C123657C6B4EB2DF8A,198330450563255822230176,28760490743962723859,uosmo,322744433090,46833196,1.499484672373991
4713003,osmo1tg70tuzekpd376dpqr68yx5a7r709w6x8jtxha,1,/osmosis.gamm.v1beta1.MsgExitPool,360042635436009337617591357,83031116519181500416,360042552404892818436090941,0,1595008,13227655,ibc/27394FB092D2ECCD56123C74F36E4C1F926001CEADA9CA97EA622B25F41E5EB2,5386248495009,531261,uosmo,43236317053508,4405831,1.4994239382520917
4713005,osmo1csl24xa338980yckumj6k9kejyttshaaktn9tv,573,/osmosis.gamm.v1beta1.MsgExitPool,2126922485057392890339,183316846654236224,2126739168210738654115,0,568526840,8433316,ibc/4E5444C35610CC76FC94E7F7886B93121175C28262DDFDDE6F84E82BF2425452,4400613757517,189348767,uosmo,65258975181,2808730,1.4993663390762568
4713006,osmo1jfxcl8ja3nnfjduqemptknz2j6nk6502zp3rte,561,/osmosis.gamm.v1beta1.MsgExitPool,1671527529597032964906753,7376457330405511528448,1664151072266627453378305,0,4003494780152,171830100,ibc/0EF15DF2F02480ADE0BB6E85D9EBB5DAEA2836D3860E9F97F9AADE4F57A31AA0,625304973621557,1313417292126,uosmo,26867275168,56371905,1.4882451520341322
4713007,osmo18qx59wy8s3ytax3e0akna934e86mw776vlzjtq,1,/osmosis.gamm.v1beta1.MsgExitPool,360042474105321957999971213,588267168384365765853184,359454206936937592234118029,0,11301483834,93708242134,ibc/27394FB092D2ECCD56123C74F36E4C1F926001CEADA9CA97EA622B25F41E5EB2,5386893627054,3764266677,uosmo,43230987008772,31212079613,1.4994239382520917
4713008,osmo1tg70tuzekpd376dpqr68yx5a7r709w6x8jtxha,1,/osmosis.gamm.v1beta1.MsgExitPool,359454206936937592234118029,124502296868736712704,359454082434640723497405325,0,2392159,19830278,ibc/27394FB092D2ECCD56123C74F36E4C1F926001CEADA9CA97EA622B25F41E5EB2,5390486731961,796774,uosmo,43263621102043,6605014,1.4994239382520917
4713011,osmo1jfxcl8ja3nnfjduqemptknz2j6nk6502zp3rte,561,/osmosis.gamm.v1beta1.MsgExitPool,1658325406170034810519285,11054796333544617541632,1647270609836490192977653,0,5980840410660,256686718,ibc/0EF15DF2F02480ADE0BB6E85D9EBB5DAEA2836D3860E9F97F9AADE4F57A31AA0,626618390913683,1962120509248,uosmo,26923647073,84210620,1.4882451520341322
4713012,osmo1v44mqmhvtn8cw373xv0hw6npddccnr70lqsk9s,678,/osmosis.gamm.v1beta1.MsgExitPool,2478850038663906611769926,812095877624757354496,2478037942786281854415430,0,5869113224,5188791238,ibc/D189335C6E4A68B513C10AB227BF1C1D38C746766278BA3EEB4FB14124F1D858,15002361172217,1954777332,uosmo,14688378106795,1728188077,1.4993892669642943
4713014,osmo1pfpk6rsgc0x7g8q7y0yre86ej2enr8rhv3p8dq,722,/osmosis.gamm.v1beta1.MsgExitPool,1734485135666993177681742,508806052804095770624,1733976329614189081911118,0,86177849455233337798,140618307,ibc/6AE98883D4D5D5FF9E50D7130F1305DA2FFA0C652D1DD9C123657C6B4EB2DF8A,198154728899079805285333,28706205334459386310,uosmo,323125360292,46840552,1.499484672373991
4713015,osmo1c5txl47ea73x9g535lefzs8u6engjrss4tr60p,1,/osmosis.gamm.v1beta1.MsgExitPool,359454105903051606616175547,2358675926417180160,359454103544375680198995387,0,45232,376405,ibc/27394FB092D2ECCD56123C74F36E4C1F926001CEADA9CA97EA622B25F41E5EB2,5381447625355,15066,uosmo,43338990829182,125372,1.4994239382520917
4713016,osmo1v44mqmhvtn8cw373xv0hw6npddccnr70lqsk9s,678,/osmosis.gamm.v1beta1.MsgExitPool,2477135600987210810642080,1216129057204746584064,2475919471930006064058016,0,8788038223,7768088774,ibc/D189335C6E4A68B513C10AB227BF1C1D38C746766278BA3EEB4FB14124F1D858,15005496241774,2926959705,uosmo,14689064989551,2587253520,1.4993892669642943
4713019,osmo1c5txl47ea73x9g535lefzs8u6engjrss4tr60p,1,/osmosis.gamm.v1beta1.MsgExitPool,359452883922002283049505619,2358675926417180160,359452881563326356632325459,0,45193,376727,ibc/27394FB092D2ECCD56123C74F36E4C1F926001CEADA9CA97EA622B25F41E5EB2,5379679699615,15053,uosmo,43353753089995,125480,1.4994239382520917
4713020,osmo1jfxcl8ja3nnfjduqemptknz2j6nk6502zp3rte,561,/osmosis.gamm.v1beta1.MsgExitPool,1638322581026390673125763,16495503550494273437696,1621827077475896399688067,0,8880643153937,381261886,ibc/0EF15DF2F02480ADE0BB6E85D9EBB5DAEA2836D3860E9F97F9AADE4F57A31AA0,628496176504144,2913452102249,uosmo,27011487421,125079707,1.4882451520341322
4713020,osmo1tg70tuzekpd376dpqr68yx5a7r709w6x8jtxha,1,/osmosis.gamm.v1beta1.MsgExitPool,359452881563326356632325459,186365705679637217280,359452695197620676995108179,0,3570858,29766310,ibc/27394FB092D2ECCD56123C74F36E4C1F926001CEADA9CA97EA622B25F41E5EB2,5377152781284,1189372,uosmo,43374849300286,9914480,1.4994239382520917
4713020,osmo1v44mqmhvtn8cw373xv0hw6npddccnr70lqsk9s,678,/osmosis.gamm.v1beta1.MsgExitPool,2474563459896774008458189,1825304731629375193088,2472738155165144633265101,0,13182688125,11658713766,ibc/D189335C6E4A68B513C10AB227BF1C1D38C746766278BA3EEB4FB14124F1D858,15027331024468,4390649650,uosmo,14675014108386,3883072028,1.4993892669642943
4713024,osmo18qx59wy8s3ytax3e0akna934e86mw776vlzjtq,1,/osmosis.gamm.v1beta1.MsgExitPool,358897225736394758311647770,880285009987871950503936,358016940726406886361143834,0,16856055098,140373828632,ibc/27394FB092D2ECCD56123C74F36E4C1F926001CEADA9CA97EA622B25F41E5EB2,5379599008003,5614367762,uosmo,43354528433201,46755322851,1.4994239382520917
4713025,osmo1tg70tuzekpd376dpqr68yx5a7r709w6x8jtxha,1,/osmosis.gamm.v1beta1.MsgExitPool,358016940726406886361143834,279348867646684954624,358016661377539239676189210,0,5349866,44539615,ibc/27394FB092D2ECCD56123C74F36E4C1F926001CEADA9CA97EA622B25F41E5EB2,5385360547348,1781919,uosmo,43400060627837,14835131,1.4994239382520917
4713025,osmo1jfxcl8ja3nnfjduqemptknz2j6nk6502zp3rte,561,/osmosis.gamm.v1beta1.MsgExitPool,1607825734205016819508806,24767155313097134047232,1583058578891919685461574,0,13239579865681,568407654,ibc/0EF15DF2F02480ADE0BB6E85D9EBB5DAEA2836D3860E9F97F9AADE4F57A31AA0,631404798599363,4343478408482,uosmo,27136774906,186476188,1.4882451520341322
4713025,osmo1pfpk6rsgc0x7g8q7y0yre86ej2enr8rhv3p8dq,722,/osmosis.gamm.v1beta1.MsgExitPool,1733586565471936415692754,762945715206574702592,1732823619756729840990162,0,129948805790413059490,209587922,ibc/6AE98883D4D5D5FF9E50D7130F1305DA2FFA0C652D1DD9C123657C6B4EB2DF8A,198205736558246112944670,43286495608423986594,uosmo,323135954255,69814622,1.499484672373991
4713026,osmo1v44mqmhvtn8cw373xv0hw6npddccnr70lqsk9s,678,/osmosis.gamm.v1beta1.MsgExitPool,2470729376468236042067853,2698908896912089808896,2468030467571323952258957,0,19473800038,17239184114,ibc/D189335C6E4A68B513C10AB227BF1C1D38C746766278BA3EEB4FB14124F1D858,15002172738242,6485978619,uosmo,14705054162600,5741713448,1.4993892669642943
4713029,osmo1jfxcl8ja3nnfjduqemptknz2j6nk6502zp3rte,561,/osmosis.gamm.v1beta1.MsgExitPool,1560851478151955113815464,37061835017670864404480,1523789643134284249410984,0,19605009921304,841691188,ibc/0EF15DF2F02480ADE0BB6E85D9EBB5DAEA2836D3860E9F97F9AADE4F57A31AA0,635748277007845,6431770354888,uosmo,27323251094,276131686,1.4882451520341322
4713029,osmo1tg70tuzekpd376dpqr68yx5a7r709w6x8jtxha,1,/osmosis.gamm.v1beta1.MsgExitPool,358016493132258007518209500,419283155753797484544,358016073849102253720724956,0,8016994,66957609,ibc/27394FB092D2ECCD56123C74F36E4C1F926001CEADA9CA97EA622B25F41E5EB2,5385943152537,2670278,uosmo,43395271070711,22302054,1.4994239382520917
4713030,osmo1v44mqmhvtn8cw373xv0hw6npddccnr70lqsk9s,678,/osmosis.gamm.v1beta1.MsgExitPool,2464990791194173995908427,4072772179378275090432,2460918019014795720817995,0,29296400163,26059496996,ibc/D189335C6E4A68B513C10AB227BF1C1D38C746766278BA3EEB4FB14124F1D858,15008825218234,9757511358,uosmo,14710648859767,8679422609,1.4993892669642943
4713033,osmo1jfxcl8ja3nnfjduqemptknz2j6nk6502zp3rte,561,/osmosis.gamm.v1beta1.MsgExitPool,1487847085749823816879727,55392506148828571762688,1432454579600995245117039,0,28842793926983,1239124642,ibc/0EF15DF2F02480ADE0BB6E85D9EBB5DAEA2836D3860E9F97F9AADE4F57A31AA0,642087077968962,9462388832056,uosmo,27603382780,406516762,1.4882451520341322
4713038,osmo1pfpk6rsgc0x7g8q7y0yre86ej2enr8rhv3p8dq,722,/osmosis.gamm.v1beta1.MsgExitPool,1732223059554218421935418,1141174459284116078592,1731081885094934305856826,0,193875405769696488211,314085638,ibc/6AE98883D4D5D5FF9E50D7130F1305DA2FFA0C652D1DD9C123657C6B4EB2DF8A,198948951472830679460537,64580715839487290131,uosmo,322073595971,104623252,1.499484672373991
4713041,osmo1jfxcl8ja3nnfjduqemptknz2j6nk6502zp3rte,561,/osmosis.gamm.v1beta1.MsgExitPool,1372940133414107501013833,82544483040634177847296,1290395650373473323166537,0,42019914496126,1805655319,ibc/0EF15DF2F02480ADE0BB6E85D9EBB5DAEA2836D3860E9F97F9AADE4F57A31AA0,651363611698141,13785376363284,uosmo,28017899542,592377173,1.4882451520341322
4713042,osmo1hq8tlgq0kqz9e56532zghdhz7g8gtjymdltqer,678,/osmosis.gamm.v1beta1.MsgExitPool,2438472898546323407726306,23867076263792982622208,2414605822282530425104098,0,170785323965,151998049433,ibc/D189335C6E4A68B513C10AB227BF1C1D38C746766278BA3EEB4FB14124F1D858,14980306141870,56882065000,uosmo,14753380768715,50624741793,1.4993892669642943
4713042,osmo1c5txl47ea73x9g535lefzs8u6engjrss4tr60p,1,/osmosis.gamm.v1beta1.MsgExitPool,357806545046363950321848647,7084136883102436352,357806537962227067219412295,0,135184,1132624,ibc/27394FB092D2ECCD56123C74F36E4C1F926001CEADA9CA97EA622B25F41E5EB2,5370040225715,45027,uosmo,43528737904872,377252,1.4994239382520917
4713043,osmo1v44mqmhvtn8cw373xv0hw6npddccnr70lqsk9s,678,/osmosis.gamm.v1beta1.MsgExitPool,2414605822282530425104098,6029784535841848164352,2408576037746688576939746,0,43147249961,38400827894,ibc/D189335C6E4A68B513C10AB227BF1C1D38C746766278BA3EEB4FB14124F1D858,15037188206870,14370700128,uosmo,14804005510508,12789848318,1.4993892669642943
4713043,osmo1tg70tuzekpd376dpqr68yx5a7r709w6x8jtxha,1,/osmosis.gamm.v1beta1.MsgExitPool,357806537962227067219412295,627814233881090981888,357805910147993186128430407,0,11980359,100376060,ibc/27394FB092D2ECCD56123C74F36E4C1F926001CEADA9CA97EA622B25F41E5EB2,5370049935533,3990385,uosmo,43528657493892,33432978,1.4994239382520917
4713045,osmo1pfpk6rsgc0x7g8q7y0yre86ej2enr8rhv3p8dq,722,/osmosis.gamm.v1beta1.MsgExitPool,1730203090665237796101232,1711231110460667068416,1728491859554777129032816,0,290582844808355054122,470755421,ibc/6AE98883D4D5D5FF9E50D7130F1305DA2FFA0C652D1DD9C123657C6B4EB2DF8A,199013532188670166750668,96794371900323955242,uosmo,322178219223,156810618,1.499484672373991
4713045,osmo18qx59wy8s3ytax3e0akna934e86mw776vlzjtq,1,/osmosis.gamm.v1beta1.MsgExitPool,357805910147993186128430407,328655254440403215056896,357477254893552782913373511,0,6271618455,52545947057,ibc/27394FB092D2ECCD56123C74F36E4C1F926001CEADA9CA97EA622B25F41E5EB2,5370057925918,2088933162,uosmo,43528657480386,17501857313,1.4994239382520917
4713047,osmo1v44mqmhvtn8cw373xv0hw6npddccnr70lqsk9s,678,/osmosis.gamm.v1beta1.MsgExitPool,2373838582568665655690020,9113210515621034328064,2364725372053044621361956,0,64730337101,57609698956,ibc/D189335C6E4A68B513C10AB227BF1C1D38C746766278BA3EEB4FB14124F1D858,15051554498967,21559201675,uosmo,14816799291830,19187589218,1.4993892669642943
4713048,osmo1hq8tlgq0kqz9e56532zghdhz7g8gtjymdltqer,678,/osmosis.gamm.v1beta1.MsgExitPool,2364725372053044621361956,35750455545193625026560,2328974916507850996335396,0,253932358415,225998617937,ibc/D189335C6E4A68B513C10AB227BF1C1D38C746766278BA3EEB4FB14124F1D858,15073113700642,84575164784,uosmo,14835986881048,75271503294,1.4993892669642943
4713048,osmo1tg70tuzekpd376dpqr68yx5a7r709w6x8jtxha,1,/osmosis.gamm.v1beta1.MsgExitPool,357476647162325031331875450,941564248097377484800,357475705598076933954390650,0,17968146,150533548,ibc/27394FB092D2ECCD56123C74F36E4C1F926001CEADA9CA97EA622B25F41E5EB2,5372317108347,5984780,uosmo,43544735807947,50139294,1.4994239382520917
4713048,osmo1jfxcl8ja3nnfjduqemptknz2j6nk6502zp3rte,561,/osmosis.gamm.v1beta1.MsgExitPool,1189616901384395130796234,91711886993179484880896,1097905014391215645915338,0,44945469767076,1953974369,ibc/0EF15DF2F02480ADE0BB6E85D9EBB5DAEA2836D3860E9F97F9AADE4F57A31AA0,661628303808127,14745156528599,uosmo,28762838329,641035862,1.4882451520341322
4713051,osmo1jfxcl8ja3nnfjduqemptknz2j6nk6502zp3rte,561,/osmosis.gamm.v1beta1.MsgExitPool,1097905014391215645915338,30570628997726496358400,1067334385393489149556938,0,14981823255692,651324789,ibc/0EF15DF2F02480ADE0BB6E85D9EBB5DAEA2836D3860E9F97F9AADE4F57A31AA0,676419594044579,4915052176200,uosmo,29401872421,213678621,1.4882451520341322
4713051,osmo1ea6yv55jzerkeqqz9c36t6wyklh8qpqs0da0n6,1,/osmosis.gamm.v1beta1.MsgExitPool,357160239608299524438330272,7982536932656118784,357160231625762591782211488,0,151810,1279009,ibc/27394FB092D2ECCD56123C74F36E4C1F926001CEADA9CA97EA622B25F41E5EB2,5372281865180,50565,uosmo,43545132377249,426009,1.4994239382520917
4713052,osmo1v44mqmhvtn8cw373xv0hw6npddccnr70lqsk9s,678,/osmosis.gamm.v1beta1.MsgExitPool,2318089469158588699760821,13505818401599867846656,2304583650756988831914165,0,95526439490,85353727476,ibc/D189335C6E4A68B513C10AB227BF1C1D38C746766278BA3EEB4FB14124F1D858,15157688865426,31816206535,uosmo,14911258384342,28428064904,1.4993892669642943
4713052,osmo18qx59wy8s3ytax3e0akna934e86mw776vlzjtq,1,/osmosis.gamm.v1beta1.MsgExitPool,357160231672637465765469116,492826692187531614617600,356667404980449934150851516,0,9383291716,78872953571,ibc/27394FB092D2ECCD56123C74F36E4C1F926001CEADA9CA97EA622B25F41E5EB2,5358130662721,3125360603,uosmo,43664291465793,26270783125,1.4994239382520917
4713053,osmo1tg70tuzekpd376dpqr68yx5a7r709w6x8jtxha,1,/osmosis.gamm.v1beta1.MsgExitPool,356667404980449934150851516,1411875654921769451520,356665993104795012381399996,0,26881744,225959358,ibc/27394FB092D2ECCD56123C74F36E4C1F926001CEADA9CA97EA622B25F41E5EB2,5366998051927,8953697,uosmo,43642337689788,75261912,1.4994239382520917
4713054,osmo1jfxcl8ja3nnfjduqemptknz2j6nk6502zp3rte,561,/osmosis.gamm.v1beta1.MsgExitPool,892317708882672341797444,180716546260280260165632,711601162622392081631812,0,84651617312529,3680172693,ibc/0EF15DF2F02480ADE0BB6E85D9EBB5DAEA2836D3860E9F97F9AADE4F57A31AA0,681334646220779,27771460708742,uosmo,29615551042,1207345762,1.4882451520341322
4713055,osmo1c5txl47ea73x9g535lefzs8u6engjrss4tr60p,1,/osmosis.gamm.v1beta1.MsgExitPool,356192788334982210522624225,10516730744854366208,356192777818251465668258017,0,199805,1683596,ibc/27394FB092D2ECCD56123C74F36E4C1F926001CEADA9CA97EA622B25F41E5EB2,5357457209295,66551,uosmo,43723022895129,560768,1.4994239382520917
4713056,osmo127cz3qd25qefq2d3l8zdl9xqzatskjcq4n5eg2,1,/osmosis.gamm.v1beta1.MsgExitPool,356192777818251465668258017,749918728773838720,356192777068332736894419297,0,14247,120052,ibc/27394FB092D2ECCD56123C74F36E4C1F926001CEADA9CA97EA622B25F41E5EB2,5360956364153,4746,uosmo,43693577768737,39987,1.4994239382520917
4713057,osmo18qx59wy8s3ytax3e0akna934e86mw776vlzjtq,1,/osmosis.gamm.v1beta1.MsgExitPool,356192769374221152147472768,737891374296051866402816,355454877999925100281069952,0,14019071822,118127008565,ibc/27394FB092D2ECCD56123C74F36E4C1F926001CEADA9CA97EA622B25F41E5EB2,5360961722394,4669433295,uosmo,43693532922995,39345414147,1.4994239382520917
4713058,osmo1jfxcl8ja3nnfjduqemptknz2j6nk6502zp3rte,561,/osmosis.gamm.v1beta1.MsgExitPool,403746962892963965721147,263942129748426801283072,139804833144537164438075,0,116310160992927,5056506799,ibc/0EF15DF2F02480ADE0BB6E85D9EBB5DAEA2836D3860E9F97F9AADE4F57A31AA0,709106106929521,38157606063416,uosmo,30822896804,1658876515,1.4882451520341322
4713060,osmo1tg70tuzekpd376dpqr68yx5a7r709w6x8jtxha,1,/osmosis.gamm.v1beta1.MsgExitPool,355453501846713114408836381,2113893188181852946432,355451387953524932555889949,0,40162803,338394521,ibc/27394FB092D2ECCD56123C74F36E4C1F926001CEADA9CA97EA622B25F41E5EB2,5365793202083,13377315,uosmo,43731516135153,112711503,1.4994239382520917
4713062,osmo127cz3qd25qefq2d3l8zdl9xqzatskjcq4n5eg2,1,/osmosis.gamm.v1beta1.MsgExitPool,355449137545686171897030308,1122245942033897728,355449136423440229863132580,0,21322,179643,ibc/27394FB092D2ECCD56123C74F36E4C1F926001CEADA9CA97EA622B25F41E5EB2,5366027029015,7102,uosmo,43729775240331,59835,1.4994239382520917
4713062,osmo1ea6yv55jzerkeqqz9c36t6wyklh8qpqs0da0n6,1,/osmosis.gamm.v1beta1.MsgExitPool,355449136423440229863132580,11959464395719774208,355449124463975834143358372,0,227232,1914405,ibc/27394FB092D2ECCD56123C74F36E4C1F926001CEADA9CA97EA622B25F41E5EB2,5366027036117,75686,uosmo,43729775300166,637645,1.4994239382520917
4713062,osmo1jfxcl8ja3nnfjduqemptknz2j6nk6502zp3rte,561,/osmosis.gamm.v1beta1.MsgExitPool,-400642024116688937012004,377766316164180361609216,-778408340280869298621220,0,154004899774198,6693881397,ibc/0EF15DF2F02480ADE0BB6E85D9EBB5DAEA2836D3860E9F97F9AADE4F57A31AA0,747327528521368,50524032012792,uosmo,32479004815,2196046220,1.4882451520341322
4713063,osmo1tg70tuzekpd376dpqr68yx5a7r709w6x8jtxha,1,/osmosis.gamm.v1beta1.MsgExitPool,355449509240358259884109037,3173307550482985123840,355446335932807776898985197,0,60294760,507951480,ibc/27394FB092D2ECCD56123C74F36E4C1F926001CEADA9CA97EA622B25F41E5EB2,5366150253078,20082811,uosmo,43728822838286,169187061,1.4994239382520917
4713064,osmo1hq8tlgq0kqz9e56532zghdhz7g8gtjymdltqer,678,/osmosis.gamm.v1beta1.MsgExitPool,2285024798034076688829913,23973272886819711614976,2261051525147256977214937,0,168687137546,151084488891,ibc/D189335C6E4A68B513C10AB227BF1C1D38C746766278BA3EEB4FB14124F1D858,15144945668618,56183239284,uosmo,14979560359480,50320469687,1.4993892669642943
